Date,PX_LAST,Change,% Change
2017/1/3,3342.227,0,0
2017/1/4,3368.312,26.085,0.780467634
2017/1/5,3367.789,-0.523,-0.015527065
2017/1/6,3347.667,-20.122,-0.597483987
2017/1/9,3363.901,16.234,0.484934732
2017/1/10,3358.272,-5.629,-0.167335483
2017/1/11,3334.495,-23.777,-0.70801293
2017/1/12,3317.624,-16.871,-0.505953675
2017/1/13,3319.912,2.288,0.068965018
2017/1/16,3319.446,-0.466,-0.014036517
2017/1/17,3326.356,6.91,0.208167266
2017/1/18,3339.365,13.009,0.391088627
2017/1/19,3329.289,-10.076,-0.301734012
2017/1/20,3354.889,25.6,0.768932946
2017/1/23,3364.081,9.192,0.273988201
2017/1/24,3364.451,0.37,0.010998546
2017/1/25,3375.904,11.453,0.34041215
2017/1/26,3387.961,12.057,0.357148781
2017/2/3,3364.492,-23.469,-0.692717537
2017/2/6,3373.205,8.713,0.258969259
2017/2/7,3365.685,-7.52,-0.222933382
2017/2/8,3383.288,17.603,0.523013889
2017/2/9,3396.292,13.004,0.38435983
2017/2/10,3413.487,17.195,0.506287445
2017/2/13,3436.275,22.788,0.667587133
2017/2/14,3435.804,-0.471,-0.013706703
2017/2/15,3421.713,-14.091,-0.410122347
2017/2/16,3440.933,19.22,0.561706958
2017/2/17,3421.442,-19.491,-0.566445205
2017/2/20,3471.393,49.951,1.45993999
2017/2/21,3482.823,11.43,0.329262633
2017/2/22,3489.757,6.934,0.199091369
2017/2/23,3473.324,-16.433,-0.470892386
2017/2/24,3473.852,0.528,0.015201576
2017/2/27,3446.223,-27.629,-0.795341886
2017/2/28,3452.81,6.587,0.191136789
2017/3/1,3458.438,5.628,0.162997674
2017/3/2,3435.096,-23.342,-0.674928971
2017/3/3,3427.863,-7.233,-0.210561801
2017/3/6,3446.484,18.621,0.543224744
2017/3/7,3453.957,7.473,0.216829673
2017/3/8,3448.731,-5.226,-0.151304721
2017/3/9,3426.944,-21.787,-0.631739617
2017/3/10,3427.892,0.948,0.027663131
2017/3/13,3458.098,30.206,0.881182954
2017/3/14,3456.693,-1.405,-0.040629271
2017/3/15,3463.644,6.951,0.20108815
2017/3/16,3481.507,17.863,0.515728522
2017/3/17,3445.805,-35.702,-1.025475462
2017/3/20,3449.613,3.808,0.110511187
2017/3/21,3466.347,16.734,0.485097894
2017/3/22,3450.05,-16.297,-0.470149122
2017/3/23,3461.978,11.928,0.34573412
2017/3/24,3489.6,27.622,0.797867577
2017/3/27,3478.039,-11.561,-0.331298716
2017/3/28,3469.809,-8.23,-0.236627594
2017/3/29,3465.193,-4.616,-0.133033259
2017/3/30,3436.758,-28.435,-0.820589214
2017/3/31,3456.046,19.288,0.561226598
2017/4/5,3503.893,47.847,1.384443378
2017/4/6,3514.047,10.154,0.289791954
2017/4/7,3517.463,3.416,0.097209855
2017/4/10,3505.139,-12.324,-0.350366159
2017/4/11,3517.328,12.189,0.347746552
2017/4/12,3509.439,-7.889,-0.224289574
2017/4/13,3514.566,5.127,0.146091726
2017/4/14,3486.505,-28.061,-0.798420061
2017/4/17,3479.942,-6.563,-0.188240086
2017/4/18,3462.743,-17.199,-0.494232375
2017/4/19,3445.876,-16.867,-0.487099389
2017/4/20,3461.548,15.672,0.454804526
2017/4/21,3466.787,5.239,0.151348472
2017/4/24,3431.259,-35.528,-1.024810581
2017/4/25,3440.974,9.715,0.283132226
2017/4/26,3445.183,4.209,0.122320018
2017/4/27,3446.72,1.537,0.044613015
2017/4/28,3439.753,-6.967,-0.202134203
2017/5/2,3426.577,-13.176,-0.38305076
2017/5/3,3413.128,-13.449,-0.392490815
2017/5/4,3404.386,-8.742,-0.256128689
2017/5/5,3382.55,-21.836,-0.641407878
2017/5/8,3358.813,-23.737,-0.701748681
2017/5/9,3352.532,-6.281,-0.187000586
2017/5/10,3337.701,-14.831,-0.442382056
2017/5/11,3356.646,18.945,0.567606266
2017/5/12,3385.379,28.733,0.856003284
2017/5/15,3399.194,13.815,0.408078386
2017/5/16,3428.649,29.455,0.866528948
2017/5/17,3409.966,-18.683,-0.544908505
2017/5/18,3398.113,-11.853,-0.347598774
2017/5/19,3403.849,5.736,0.168799566
2017/5/22,3411.239,7.39,0.217107163
2017/5/23,3424.194,12.955,0.379774035
2017/5/24,3424.167,-0.027,-0.000788507
2017/5/25,3485.658,61.491,1.795794422
2017/5/26,3480.435,-5.223,-0.149842584
2017/5/31,3492.885,12.45,0.357713906
2017/6/1,3497.738,4.853,0.138939587
2017/6/2,3486.507,-11.231,-0.321093232
2017/6/5,3468.754,-17.753,-0.509191578
2017/6/6,3492.882,24.128,0.69558118
2017/6/7,3533.872,40.99,1.173529481
2017/6/8,3560.979,27.107,0.767062304
2017/6/9,3576.17,15.191,0.426596169
2017/6/12,3574.389,-1.781,-0.049801883
2017/6/13,3582.267,7.878,0.220401305
2017/6/14,3535.299,-46.968,-1.31112505
2017/6/15,3528.793,-6.506,-0.184029696
2017/6/16,3518.761,-10.032,-0.284289841
2017/6/19,3553.665,34.904,0.991940061
2017/6/20,3546.494,-7.171,-0.201791671
2017/6/21,3587.955,41.461,1.169070073
2017/6/22,3590.343,2.388,0.066556019
2017/6/23,3622.883,32.54,0.906320093
2017/6/26,3668.092,45.209,1.247873586
2017/6/27,3674.715,6.623,0.180557085
2017/6/28,3646.167,-28.548,-0.776876574
2017/6/29,3668.828,22.661,0.621501977
2017/6/30,3666.798,-2.03,-0.055331021
2017/7/3,3650.846,-15.952,-0.435038963
2017/7/4,3619.984,-30.862,-0.845338313
2017/7/5,3659.68,39.696,1.096579432
2017/7/6,3660.097,0.417,0.011394439
2017/7/7,3655.929,-4.168,-0.113876763
2017/7/10,3653.687,-2.242,-0.061325042
2017/7/11,3670.809,17.122,0.468622517
2017/7/12,3658.824,-11.985,-0.326494786
2017/7/13,3686.921,28.097,0.767924339
2017/7/14,3703.094,16.173,0.438658707
2017/7/17,3663.558,-39.536,-1.067647756
2017/7/18,3667.181,3.623,0.098892934
2017/7/19,3729.747,62.566,1.706106134
2017/7/20,3747.884,18.137,0.486279632
2017/7/21,3728.598,-19.286,-0.514583696
2017/7/24,3743.469,14.871,0.398836238
2017/7/25,3719.559,-23.91,-0.638712381
2017/7/26,3705.388,-14.171,-0.380986025
2017/7/27,3712.195,6.807,0.183705458
2017/7/28,3721.891,9.696,0.261193175
2017/7/31,3737.873,15.982,0.429405375
2017/8/1,3770.383,32.51,0.869745976
2017/8/2,3760.853,-9.53,-0.252759468
2017/8/3,3727.826,-33.027,-0.878178435
2017/8/4,3707.58,-20.246,-0.543104748
2017/8/7,3726.795,19.215,0.518262586
2017/8/8,3732.213,5.418,0.145379609
2017/8/9,3731.044,-1.169,-0.031321899
2017/8/10,3715.921,-15.123,-0.405328911
2017/8/11,3647.35,-68.571,-1.845329866
2017/8/14,3694.683,47.333,1.297736713
2017/8/15,3706.057,11.374,0.307847791
2017/8/16,3701.421,-4.636,-0.125092517
2017/8/17,3721.277,19.856,0.536442626
2017/8/18,3724.675,3.398,0.09131274
2017/8/21,3740.994,16.319,0.438132186
2017/8/22,3752.298,11.304,0.302165681
2017/8/23,3756.088,3.79,0.101004771
2017/8/24,3734.646,-21.442,-0.570859895
2017/8/25,3795.754,61.108,1.636246113
2017/8/28,3842.712,46.958,1.23711916
2017/8/29,3834.538,-8.174,-0.212714354
2017/8/30,3834.301,-0.237,-0.006180666
2017/8/31,3822.093,-12.208,-0.318389193
2017/9/1,3830.538,8.445,0.220952237
2017/9/4,3845.616,15.078,0.393626169
2017/9/5,3857.046,11.43,0.297221563
2017/9/6,3849.45,-7.596,-0.196938279
2017/9/7,3829.871,-19.579,-0.508618114
2017/9/8,3825.99,-3.881,-0.101335006
2017/9/11,3825.645,-0.345,-0.009017274
2017/9/12,3837.934,12.289,0.321226878
2017/9/13,3842.606,4.672,0.121732161
2017/9/14,3829.955,-12.651,-0.329229695
2017/9/15,3831.297,1.342,0.035039576
2017/9/18,3843.143,11.846,0.309190334
2017/9/19,3832.116,-11.027,-0.286926612
2017/9/20,3842.435,10.319,0.269276817
2017/9/21,3837.818,-4.617,-0.120158181
2017/9/22,3837.73,-0.088,-0.00229297
2017/9/25,3817.792,-19.938,-0.519525866
2017/9/26,3820.782,2.99,0.07831752
2017/9/27,3821.2,0.418,0.010940169
2017/9/28,3822.539,1.339,0.035041348
2017/9/29,3836.501,13.962,0.365254612
2017/10/9,3882.208,45.707,1.191372034
2017/10/10,3889.864,7.656,0.197207362
2017/10/11,3902.687,12.823,0.329651628
2017/10/12,3912.954,10.267,0.263075158
2017/10/13,3921.002,8.048,0.205675814
2017/10/16,3913.446,-7.556,-0.192705844
2017/10/17,3913.069,-0.377,-0.009633453
2017/10/18,3944.163,31.094,0.794619262
2017/10/19,3931.25,-12.913,-0.327395191
2017/10/20,3926.852,-4.398,-0.111872814
2017/10/23,3930.798,3.946,0.100487617
2017/10/24,3959.395,28.597,0.727511309
2017/10/25,3976.949,17.554,0.443350562
2017/10/26,3993.575,16.626,0.41805917
2017/10/27,4021.968,28.393,0.710966991
2017/10/30,4009.722,-12.246,-0.304477808
2017/10/31,4006.718,-3.004,-0.074917912
2017/11/1,3996.622,-10.096,-0.251976805
2017/11/2,3997.134,0.512,0.012810819
2017/11/3,3992.698,-4.436,-0.110979517
2017/11/6,4020.89,28.192,0.706088965
2017/11/7,4054.247,33.357,0.829592453
2017/11/8,4048.006,-6.241,-0.15393734
2017/11/9,4075.9,27.894,0.689080006
2017/11/10,4111.911,36.011,0.88351039
2017/11/13,4128.073,16.162,0.393053254
2017/11/14,4099.351,-28.722,-0.69577258
2017/11/15,4073.67,-25.681,-0.626465018
2017/11/16,4105.012,31.342,0.769379945
2017/11/17,4120.851,15.839,0.385845401
2017/11/20,4143.833,22.982,0.557700339
2017/11/21,4217.702,73.869,1.782624927
2017/11/22,4227.567,9.865,0.23389514
2017/11/23,4102.397,-125.17,-2.960804642
2017/11/24,4104.203,1.806,0.044023043
2017/11/27,4049.948,-54.255,-1.321937536
2017/11/28,4055.824,5.876,0.145088283
2017/11/29,4053.753,-2.071,-0.051062374
2017/11/30,4006.099,-47.654,-1.17555263
2017/12/1,3998.137,-7.962,-0.198746961
2017/12/4,4018.857,20.72,0.518241371
2017/12/5,4040.17,21.313,0.530324916
2017/12/6,4015.821,-24.349,-0.60267266
2017/12/7,3971.057,-44.764,-1.114691118
2017/12/8,4003.379,32.322,0.813939462
2017/12/11,4069.5,66.121,1.651629786
2017/12/12,4016.016,-53.484,-1.314264652
2017/12/13,4050.093,34.077,0.848527496
2017/12/14,4026.152,-23.941,-0.591122229
2017/12/15,3980.856,-45.296,-1.125044459
2017/12/18,3985.291,4.435,0.1114082
2017/12/19,4035.329,50.038,1.255567034
2017/12/20,4030.49,-4.839,-0.119915873
2017/12/21,4067.849,37.359,0.926909631
2017/12/22,4054.598,-13.251,-0.325749555
2017/12/25,4041.54,-13.058,-0.322054122
2017/12/26,4053.622,12.082,0.298945451
2017/12/27,3991.208,-62.414,-1.539709425
2017/12/28,4018.897,27.689,0.693749862
2017/12/29,4030.855,11.958,0.297544326
2018/1/2,4087.401,56.546,1.402828928
2018/1/3,4111.393,23.992,0.586974461
2018/1/4,4128.812,17.419,0.423676355
2018/1/5,4138.751,9.939,0.240722997
2018/1/8,4160.16,21.409,0.517281663
2018/1/9,4189.298,29.138,0.700405754
2018/1/10,4207.813,18.515,0.441959488
2018/1/11,4205.586,-2.227,-0.052925356
2018/1/12,4225.001,19.415,0.461647913
2018/1/15,4225.239,0.238,0.005633135
2018/1/16,4258.473,33.234,0.786559056
2018/1/17,4248.116,-10.357,-0.243209244
2018/1/18,4271.417,23.301,0.548501971
2018/1/19,4285.395,13.978,0.327245034
2018/1/22,4336.597,51.202,1.194802346
2018/1/23,4382.613,46.016,1.061108514
2018/1/24,4389.885,7.272,0.165928408
2018/1/25,4365.079,-24.806,-0.56507175
2018/1/26,4381.3,16.221,0.371608395
2018/1/29,4302.018,-79.282,-1.809554242
2018/1/30,4256.102,-45.916,-1.067313061
2018/1/31,4275.899,19.797,0.465143927
2018/2/1,4245.898,-30.001,-0.70163023
2018/2/2,4271.233,25.335,0.596693562
2018/2/5,4274.146,2.913,0.068200447
2018/2/6,4148.886,-125.26,-2.930643923
2018/2/7,4050.497,-98.389,-2.371455856
2018/2/8,4012.047,-38.45,-0.949266226
2018/2/9,3840.653,-171.394,-4.271983853
2018/2/12,3890.105,49.452,1.287593542
2018/2/13,3935.632,45.527,1.170328307
2018/2/14,3966.961,31.329,0.796034792
2018/2/22,4052.733,85.772,2.162158892
2018/2/23,4071.089,18.356,0.452928925
2018/2/26,4118.419,47.33,1.162588192
2018/2/27,4058.981,-59.438,-1.443223723
2018/2/28,4023.642,-35.339,-0.870637236
2018/3/1,4049.086,25.444,0.632362422
2018/3/2,4016.461,-32.625,-0.805737394
2018/3/5,4018.097,1.636,0.040732376
2018/3/6,4066.565,48.468,1.206242657
2018/3/7,4036.654,-29.911,-0.735534782
2018/3/8,4077.6,40.946,1.014354958
2018/3/9,4108.865,31.265,0.766750049
2018/3/12,4127.666,18.801,0.457571616
2018/3/13,4091.253,-36.413,-0.882169245
2018/3/14,4073.345,-17.908,-0.437714314
2018/3/15,4096.163,22.818,0.560178428
2018/3/16,4056.423,-39.74,-0.970176236
2018/3/19,4074.248,17.825,0.439426559
2018/3/20,4077.704,3.456,0.08482547
2018/3/21,4061.05,-16.654,-0.408416109
2018/3/22,4020.349,-40.701,-1.002228488
2018/3/23,3904.936,-115.413,-2.870720925
2018/3/26,3879.893,-25.043,-0.641316529
2018/3/27,3913.269,33.376,0.860229908
2018/3/28,3842.716,-70.553,-1.802917203
2018/3/29,3894.05,51.334,1.335878061
2018/3/30,3898.498,4.448,0.114225549
2018/4/2,3886.919,-11.579,-0.297011824
2018/4/3,3862.48,-24.439,-0.628749917
2018/4/4,3854.863,-7.617,-0.197204905
2018/4/9,3852.929,-1.934,-0.050170395
2018/4/10,3927.173,74.244,1.926949601
2018/4/11,3938.343,11.17,0.284428519
2018/4/12,3898.635,-39.708,-1.008241283
2018/4/13,3871.144,-27.491,-0.705144236
2018/4/16,3808.863,-62.281,-1.608852577
2018/4/17,3748.641,-60.222,-1.581101762
2018/4/18,3766.282,17.641,0.470597211
2018/4/19,3811.843,45.561,1.209707611
2018/4/20,3760.854,-50.989,-1.337646907
2018/4/23,3766.326,5.472,0.145498868
2018/4/24,3843.489,77.163,2.048760516
2018/4/25,3828.702,-14.787,-0.384728563
2018/4/26,3755.494,-73.208,-1.912084043
2018/4/27,3756.877,1.383,0.036826047
2018/5/2,3763.646,6.769,0.180176247
2018/5/3,3793,29.354,0.779935201
2018/5/4,3774.598,-18.402,-0.485156868
2018/5/7,3834.188,59.59,1.578711163
2018/5/8,3878.677,44.489,1.160323907
2018/5/9,3871.615,-7.062,-0.182072392
2018/5/10,3893.057,21.442,0.553825729
2018/5/11,3872.838,-20.219,-0.519360492
2018/5/14,3909.293,36.455,0.941299378
2018/5/15,3924.098,14.805,0.37871298
2018/5/16,3892.844,-31.254,-0.796463289
2018/5/17,3864.051,-28.793,-0.739639194
2018/5/18,3903.064,39.013,1.009639883
2018/5/21,3921.242,18.178,0.465736662
2018/5/22,3906.208,-15.034,-0.383398933
2018/5/23,3854.583,-51.625,-1.32161421
2018/5/24,3827.217,-27.366,-0.709960066
2018/5/25,3816.498,-10.719,-0.280072962
2018/5/28,3833.26,16.762,0.439198448
2018/5/29,3804.009,-29.251,-0.763084163
2018/5/30,3723.372,-80.637,-2.119789937
2018/5/31,3802.376,79.004,2.121840095
2018/6/1,3770.589,-31.787,-0.835977294
2018/6/4,3807.578,36.989,0.980987321
2018/6/5,3845.316,37.738,0.991128744
2018/6/6,3837.351,-7.965,-0.207135122
2018/6/7,3831.013,-6.338,-0.165166022
2018/6/8,3779.616,-51.397,-1.341603383
2018/6/11,3779.982,0.366,0.009683523
2018/6/12,3825.953,45.971,1.216169812
2018/6/13,3788.339,-37.614,-0.983127602
2018/6/14,3773.366,-14.973,-0.39523918
2018/6/15,3753.434,-19.932,-0.528228643
2018/6/19,3621.117,-132.317,-3.525225167
2018/6/20,3635.444,14.327,0.395651397
2018/6/21,3592.965,-42.479,-1.168468006
2018/6/22,3608.905,15.94,0.443644734
2018/6/25,3560.478,-48.427,-1.341875167
2018/6/26,3531.111,-29.367,-0.824804984
2018/6/27,3459.262,-71.849,-2.03474204
2018/6/28,3423.526,-35.736,-1.033052715
2018/6/29,3510.985,87.459,2.554646876
2018/7/2,3407.964,-103.021,-2.934247797
2018/7/3,3409.28,1.316,0.038615431
2018/7/4,3363.747,-45.533,-1.335560588
2018/7/5,3342.438,-21.309,-0.633489974
2018/7/6,3365.123,22.685,0.678696209
2018/7/9,3459.184,94.061,2.795172717
2018/7/10,3467.516,8.332,0.240866054
2018/7/11,3407.53,-59.986,-1.729941549
2018/7/12,3481.056,73.526,2.157750629
2018/7/13,3492.69,11.634,0.33420893
2018/7/16,3472.086,-20.604,-0.5899178
2018/7/17,3449.377,-22.709,-0.654044859
2018/7/18,3431.323,-18.054,-0.523398863
2018/7/19,3428.343,-2.98,-0.086846968
2018/7/20,3492.894,64.551,1.882862946
2018/7/23,3525.75,32.856,0.940652651
2018/7/24,3581.706,55.956,1.587066582
2018/7/25,3577.752,-3.954,-0.11039432
2018/7/26,3536.246,-41.506,-1.160113949
2018/7/27,3521.227,-15.019,-0.424715928
2018/7/30,3515.079,-6.148,-0.17459823
2018/7/31,3517.657,2.578,0.073341168
2018/8/1,3447.388,-70.269,-1.997608067
2018/8/2,3370.958,-76.43,-2.217040844
2018/8/3,3315.284,-55.674,-1.651577979
2018/8/6,3273.273,-42.011,-1.267191589
2018/8/7,3368.87,95.597,2.920532446
2018/8/8,3314.508,-54.362,-1.613656805
2018/8/9,3397.53,83.022,2.504806143
2018/8/10,3405.019,7.489,0.220424838
2018/8/13,3390.344,-14.675,-0.430981442
2018/8/14,3372.914,-17.43,-0.514107123
2018/8/15,3291.976,-80.938,-2.399646122
2018/8/16,3276.728,-15.248,-0.463186852
2018/8/17,3229.62,-47.108,-1.437653659
2018/8/20,3267.25,37.63,1.165152557
2018/8/21,3326.649,59.399,1.81801209
2018/8/22,3307.955,-18.694,-0.561946872
2018/8/23,3320.026,12.071,0.364908229
2018/8/24,3325.335,5.309,0.159908386
2018/8/27,3406.574,81.239,2.443032055
2018/8/28,3400.171,-6.403,-0.187960103
2018/8/29,3386.574,-13.597,-0.399891653
2018/8/30,3351.094,-35.48,-1.047666462
2018/8/31,3334.504,-16.59,-0.49506221
2018/9/3,3321.825,-12.679,-0.380236461
2018/9/4,3363.898,42.073,1.266562808
2018/9/5,3298.141,-65.757,-1.954785787
2018/9/6,3262.881,-35.26,-1.069087101
2018/9/7,3277.644,14.763,0.452452909
2018/9/10,3230.068,-47.576,-1.451530429
2018/9/11,3224.212,-5.856,-0.181296493
2018/9/12,3202.025,-22.187,-0.688137132
2018/9/13,3236.566,34.541,1.07872362
2018/9/14,3242.09,5.524,0.170674721
2018/9/17,3204.922,-37.168,-1.146420982
2018/9/18,3269.432,64.51,2.012841498
2018/9/19,3312.482,43.05,1.31674248
2018/9/20,3310.126,-2.356,-0.071124915
2018/9/21,3410.486,100.36,3.031908755
2018/9/25,3379.804,-30.682,-0.899637178
2018/9/26,3417.241,37.437,1.107667782
2018/9/27,3403.59,-13.651,-0.399474313
2018/9/28,3438.865,35.275,1.036405678
2018/10/8,3290.899,-147.966,-4.302756869
2018/10/9,3288.691,-2.208,-0.067094128
2018/10/10,3281.598,-7.093,-0.215678518
2018/10/11,3124.114,-157.484,-4.799003412
2018/10/12,3170.726,46.612,1.492007014
2018/10/15,3126.452,-44.274,-1.39633636
2018/10/16,3100.974,-25.478,-0.814917357
2018/10/17,3118.246,17.272,0.556986289
2018/10/18,3044.392,-73.854,-2.368446877
2018/10/19,3134.946,90.554,2.974452699
2018/10/22,3270.273,135.327,4.316725073
2018/10/23,3183.426,-86.847,-2.655649849
2018/10/24,3188.202,4.776,0.150027046
2018/10/25,3194.308,6.106,0.191518605
2018/10/26,3173.635,-20.673,-0.647182426
2018/10/29,3076.889,-96.746,-3.048428695
2018/10/30,3110.261,33.372,1.084602012
2018/10/31,3153.823,43.562,1.400589854
2018/11/1,3177.034,23.211,0.73596394
2018/11/2,3290.246,113.212,3.563449431
2018/11/5,3262.835,-27.411,-0.833098802
2018/11/6,3243.15,-19.685,-0.603309698
2018/11/7,3221.91,-21.24,-0.654918829
2018/11/8,3212.774,-9.136,-0.28355851
2018/11/9,3167.444,-45.33,-1.410930243
2018/11/12,3205.141,37.697,1.190139431
2018/11/13,3237.382,32.241,1.005915184
2018/11/14,3204.943,-32.439,-1.002013355
2018/11/15,3242.372,37.429,1.167852283
2018/11/16,3257.674,15.302,0.471938445
2018/11/19,3294.603,36.929,1.133600231
2018/11/20,3218.408,-76.195,-2.312721745
2018/11/21,3226.492,8.084,0.251180087
2018/11/22,3214.427,-12.065,-0.373935531
2018/11/23,3143.475,-70.952,-2.207298533
2018/11/26,3141.243,-2.232,-0.071004223
2018/11/27,3137.241,-4.002,-0.127401796
2018/11/28,3178.933,41.692,1.328938389
2018/11/29,3137.654,-41.279,-1.298517459
2018/11/30,3172.69,35.036,1.116630451
2018/12/3,3260.95,88.26,2.781866492
2018/12/4,3267.71,6.76,0.207301553
2018/12/5,3252.004,-15.706,-0.480642407
2018/12/6,3181.673,-70.331,-2.162697217
2018/12/7,3181.565,-0.108,-0.003394441
2018/12/10,3144.763,-36.802,-1.156726328
2018/12/11,3159.816,15.053,0.478668822
2018/12/12,3170.609,10.793,0.341570522
2018/12/13,3219.692,49.083,1.548062218
2018/12/14,3165.911,-53.781,-1.670377167
2018/12/17,3161.197,-4.714,-0.14889869
2018/12/18,3128.427,-32.77,-1.036632643
2018/12/19,3091.126,-37.301,-1.192324449
2018/12/20,3067.417,-23.709,-0.767002057
2018/12/21,3029.395,-38.022,-1.239544542
2018/12/24,3038.198,8.803,0.290586074
2018/12/25,3017.282,-20.916,-0.688434394
2018/12/26,3002.033,-15.249,-0.505388625
2018/12/27,2990.506,-11.527,-0.383973128
2018/12/28,3010.654,20.148,0.673732138
2019/1/2,2969.535,-41.119,-1.365782983
2019/1/3,2964.842,-4.693,-0.158038211
2019/1/4,3035.874,71.032,2.395810637
2019/1/7,3054.303,18.429,0.607041004
2019/1/8,3047.704,-6.599,-0.21605584
2019/1/9,3078.476,30.772,1.009678105
2019/1/10,3072.686,-5.79,-0.188080076
2019/1/11,3094.778,22.092,0.718980072
2019/1/14,3067.785,-26.993,-0.872211189
2019/1/15,3127.99,60.205,1.962490853
2019/1/16,3128.652,0.662,0.021163751
2019/1/17,3111.417,-17.235,-0.550876224
2019/1/18,3168.174,56.757,1.82415279
2019/1/21,3185.636,17.462,0.551169222
2019/1/22,3143.317,-42.319,-1.328431748
2019/1/23,3141.053,-2.264,-0.072025825
2019/1/24,3158.782,17.729,0.564428553
2019/1/25,3184.47,25.688,0.813224844
2019/1/28,3183.778,-0.692,-0.021730461
2019/1/29,3193.97,10.192,0.320122823
2019/1/30,3168.483,-25.487,-0.797972429
2019/1/31,3201.633,33.15,1.046242003
2019/2/1,3247.397,45.764,1.429395562
2019/2/11,3306.473,59.076,1.8191801
2019/2/12,3330.335,23.862,0.721675332
2019/2/13,3397.028,66.693,2.002591331
2019/2/14,3402.14,5.112,0.150484482
2019/2/15,3338.705,-63.435,-1.864561717
2019/2/18,3445.745,107.04,3.206033477
2019/2/19,3439.608,-6.137,-0.178103719
2019/2/20,3451.927,12.319,0.358151278
2019/2/21,3442.706,-9.221,-0.267126159
2019/2/22,3520.118,77.412,2.248580041
2019/2/25,3729.483,209.365,5.947669936
2019/2/26,3684.694,-44.789,-1.200943938
2019/2/27,3678.392,-6.302,-0.171031841
2019/2/28,3669.37,-9.022,-0.245270216
2019/3/1,3749.714,80.344,2.189585678
2019/3/4,3794.104,44.39,1.18382362
2019/3/5,3816.013,21.909,0.577448589
2019/3/6,3848.09,32.077,0.84058938
2019/3/7,3808.85,-39.24,-1.01972667
2019/3/8,3657.579,-151.271,-3.971566221
2019/3/11,3729.955,72.376,1.978795263
2019/3/12,3755.352,25.397,0.680892933
2019/3/13,3724.194,-31.158,-0.829695858
2019/3/14,3698.486,-25.708,-0.690297015
2019/3/15,3745.005,46.519,1.257784942
2019/3/18,3851.748,106.743,2.850276568
2019/3/19,3833.963,-17.785,-0.461738411
2019/3/20,3835.44,1.477,0.038524107
2019/3/21,3836.891,1.451,0.037831383
2019/3/22,3833.801,-3.09,-0.080533953
2019/3/25,3742.825,-90.976,-2.372997451
2019/3/26,3700.439,-42.386,-1.132460107
2019/3/27,3743.388,42.949,1.160646075
2019/3/28,3728.395,-14.993,-0.400519529
2019/3/29,3872.341,143.946,3.860803375
2019/4/1,3973.928,101.587,2.62340016
2019/4/2,3971.285,-2.643,-0.066508502
2019/4/3,4022.157,50.872,1.28099595
2019/4/4,4062.231,40.074,0.996331073
2019/4/8,4057.229,-5.002,-0.123134307
2019/4/9,4075.43,18.201,0.448606672
2019/4/10,4085.847,10.417,0.25560493
2019/4/11,3997.578,-88.269,-2.160359896
2019/4/12,3988.617,-8.961,-0.224160729
2019/4/15,3975.524,-13.093,-0.328259143
2019/4/16,4085.789,110.265,2.773596638
2019/4/17,4087.24,1.451,0.035513337
2019/4/18,4072.075,-15.165,-0.371032775
2019/4/19,4120.608,48.533,1.191849364
2019/4/22,4025.611,-94.997,-2.305412211
2019/4/23,4019.005,-6.606,-0.164099313
2019/4/24,4030.089,11.084,0.275789654
2019/4/25,3941.816,-88.273,-2.19034865
2019/4/26,3889.275,-52.541,-1.332913561
2019/4/29,3900.334,11.059,0.284346054
2019/4/30,3913.211,12.877,0.330151213
2019/5/6,3684.617,-228.594,-5.841596581
2019/5/7,3720.668,36.051,0.978419195
2019/5/8,3667.457,-53.211,-1.430146415
2019/5/9,3599.7,-67.757,-1.847519957
2019/5/10,3730.451,130.751,3.632274912
2019/5/13,3668.726,-61.725,-1.654625674
2019/5/14,3645.15,-23.576,-0.642620899
2019/5/15,3727.092,81.942,2.247973334
2019/5/16,3743.964,16.872,0.452685364
2019/5/17,3648.761,-95.203,-2.542839621
2019/5/20,3617.792,-30.969,-0.848753865
2019/5/21,3666.776,48.984,1.353975021
2019/5/22,3649.38,-17.396,-0.474422217
2019/5/23,3583.965,-65.415,-1.79249626
2019/5/24,3593.914,9.949,0.277597577
2019/5/27,3637.197,43.283,1.204341562
2019/5/28,3672.261,35.064,0.964039066
2019/5/29,3663.909,-8.352,-0.227434815
2019/5/30,3641.183,-22.726,-0.620266497
2019/5/31,3629.789,-11.394,-0.312920279
2019/6/3,3632.013,2.224,0.061270779
2019/6/4,3598.467,-33.546,-0.923620042
2019/6/5,3597.105,-1.362,-0.037849451
2019/6/6,3564.678,-32.427,-0.901474936
2019/6/10,3610.744,46.066,1.292290636
2019/6/11,3719.276,108.532,3.005807113
2019/6/12,3691.096,-28.18,-0.757674343
2019/6/13,3685.393,-5.703,-0.154506954
2019/6/14,3654.88,-30.513,-0.827944265
2019/6/17,3654.825,-0.055,-0.001504837
2019/6/18,3667.619,12.794,0.3500578
2019/6/19,3715.938,48.319,1.317448732
2019/6/20,3828.518,112.58,3.029652271
2019/6/21,3833.938,5.42,0.14156914
2019/6/24,3841.266,7.328,0.191135068
2019/6/25,3801.31,-39.956,-1.0401779
2019/6/26,3794.331,-6.979,-0.183594603
2019/6/27,3834.817,40.486,1.067012867
2019/6/28,3825.587,-9.23,-0.240689451
2019/7/1,3935.812,110.225,2.881257177
2019/7/2,3937.169,1.357,0.034478273
2019/7/3,3893.534,-43.635,-1.108283642
2019/7/4,3873.102,-20.432,-0.524767473
2019/7/5,3893.203,20.101,0.518989688
2019/7/8,3802.79,-90.413,-2.322329455
2019/7/9,3793.13,-9.66,-0.254024019
2019/7/10,3786.739,-6.391,-0.168488821
2019/7/11,3785.221,-1.518,-0.040087262
2019/7/12,3808.731,23.51,0.621099798
2019/7/15,3824.188,15.457,0.405830708
2019/7/16,3806.845,-17.343,-0.453508039
2019/7/17,3804.638,-2.207,-0.057974517
2019/7/18,3768.402,-36.236,-0.952416498
2019/7/19,3807.955,39.553,1.049596089
2019/7/22,3781.683,-26.272,-0.689924119
2019/7/23,3789.914,8.231,0.217654415
2019/7/24,3819.833,29.919,0.789437438
2019/7/25,3851.067,31.234,0.817679726
2019/7/26,3858.569,7.502,0.194803155
2019/7/29,3854.27,-4.299,-0.111414361
2019/7/30,3870.318,16.048,0.416369377
2019/7/31,3835.359,-34.959,-0.903259112
2019/8/1,3803.469,-31.89,-0.831473664
2019/8/2,3747.438,-56.031,-1.473155164
2019/8/5,3675.688,-71.75,-1.914641416
2019/8/6,3636.329,-39.359,-1.070792733
2019/8/7,3621.431,-14.898,-0.409698902
2019/8/8,3669.294,47.863,1.321659863
2019/8/9,3633.53,-35.764,-0.974683413
2019/8/12,3699.105,65.575,1.804718827
2019/8/13,3665.752,-33.353,-0.901650534
2019/8/14,3682.402,16.65,0.454204212
2019/8/15,3694.001,11.599,0.314984621
2019/8/16,3710.539,16.538,0.44769885
2019/8/19,3791.095,80.556,2.171005345
2019/8/20,3787.732,-3.363,-0.08870788
2019/8/21,3781.758,-5.974,-0.157719712
2019/8/22,3793.506,11.748,0.310649174
2019/8/23,3820.864,27.358,0.721179827
2019/8/26,3765.911,-54.953,-1.438234912
2019/8/27,3816.946,51.035,1.355183381
2019/8/28,3802.584,-14.362,-0.376269405
2019/8/29,3790.187,-12.397,-0.326015152
2019/8/30,3799.586,9.399,0.247982487
2019/9/2,3848.32,48.734,1.282613422
2019/9/3,3853.611,5.291,0.137488566
2019/9/4,3886.001,32.39,0.840510368
2019/9/5,3925.323,39.322,1.011888571
2019/9/6,3948.508,23.185,0.59065203
2019/9/9,3972.948,24.44,0.618967975
2019/9/10,3959.265,-13.683,-0.344404206
2019/9/11,3930.1,-29.165,-0.736626621
2019/9/12,3972.38,42.28,1.075799598
2019/9/16,3957.715,-14.665,-0.369174147
2019/9/17,3891.221,-66.494,-1.680110872
2019/9/18,3910.084,18.863,0.484757869
2019/9/19,3924.382,14.298,0.365669894
2019/9/20,3935.651,11.269,0.287153493
2019/9/23,3890.662,-44.989,-1.14311457
2019/9/24,3901.076,10.414,0.267666531
2019/9/25,3870.984,-30.092,-0.771376923
2019/9/26,3841.139,-29.845,-0.770992595
2019/9/27,3852.653,11.514,0.299754838
2019/9/30,3814.528,-38.125,-0.989577831
2019/10/8,3837.679,23.151,0.606916504
2019/10/9,3843.239,5.56,0.144879236
2019/10/10,3874.639,31.4,0.817019186
2019/10/11,3911.725,37.086,0.957147234
2019/10/14,3953.241,41.516,1.061322051
2019/10/15,3936.25,-16.991,-0.429799246
2019/10/16,3922.685,-13.565,-0.344617339
2019/10/17,3925.222,2.537,0.064675089
2019/10/18,3869.378,-55.844,-1.422696602
2019/10/21,3880.84,11.462,0.296223321
2019/10/22,3895.881,15.041,0.387570732
2019/10/23,3871.085,-24.796,-0.636467079
2019/10/24,3870.668,-0.417,-0.010772174
2019/10/25,3896.792,26.124,0.674922261
2019/10/28,3926.585,29.793,0.76455197
2019/10/29,3910.226,-16.359,-0.416621568
2019/10/30,3891.226,-19,-0.485905418
2019/10/31,3886.752,-4.474,-0.114976617
2019/11/1,3952.387,65.635,1.688685051
2019/11/4,3978.122,25.735,0.65112551
2019/11/5,4002.813,24.691,0.620669753
2019/11/6,3984.882,-17.931,-0.447959972
2019/11/7,3991.875,6.993,0.175488258
2019/11/8,3973.011,-18.864,-0.472559887
2019/11/11,3902.978,-70.033,-1.762718502
2019/11/12,3903.689,0.711,0.018216859
2019/11/13,3899.982,-3.707,-0.094961458
2019/11/14,3905.857,5.875,0.150641721
2019/11/15,3877.089,-28.768,-0.736534901
2019/11/18,3907.929,30.84,0.795442147
2019/11/19,3947.039,39.11,1.000785838
2019/11/20,3907.864,-39.175,-0.992516162
2019/11/21,3889.598,-18.266,-0.467416471
2019/11/22,3849.995,-39.603,-1.0181772
2019/11/25,3878.206,28.211,0.732754198
2019/11/26,3891.653,13.447,0.346732484
2019/11/27,3875.619,-16.034,-0.412010012
2019/11/28,3862.303,-13.316,-0.343583825
2019/11/29,3828.671,-33.632,-0.870775804
2019/12/2,3836.059,7.388,0.192965131
2019/12/3,3851.087,15.028,0.391756227
2019/12/4,3849.819,-1.268,-0.032925769
2019/12/5,3879.364,29.545,0.767438677
2019/12/6,3902.385,23.021,0.593422015
2019/12/9,3895.447,-6.938,-0.177788711
2019/12/10,3900.384,4.937,0.126737702
2019/12/11,3902.749,2.365,0.060635055
2019/12/12,3891.024,-11.725,-0.300429262
2019/12/13,3968.221,77.197,1.983976455
2019/12/16,3987.546,19.325,0.486994046
2019/12/17,4041.8,54.254,1.360586185
2019/12/18,4032.783,-9.017,-0.223093671
2019/12/19,4027.15,-5.633,-0.139680216
2019/12/20,4017.253,-9.897,-0.245756925
2019/12/23,3967.096,-50.157,-1.248539736
2019/12/24,3992.958,25.862,0.651912633
2019/12/25,3990.867,-2.091,-0.052367192
2019/12/26,4025.988,35.121,0.880034338
2019/12/27,4022.028,-3.96,-0.098360949
2019/12/30,4081.633,59.605,1.481963825
2019/12/31,4096.582,14.949,0.366250469
2020/1/2,4152.241,55.659,1.358669252
2020/1/3,4144.965,-7.276,-0.175230677
2020/1/6,4129.295,-15.67,-0.378049031
2020/1/7,4160.227,30.932,0.749086709
2020/1/8,4112.317,-47.91,-1.151619852
2020/1/9,4164.37,52.053,1.265782769
2020/1/10,4163.185,-1.185,-0.028455685
2020/1/13,4203.988,40.803,0.980090964
2020/1/14,4189.886,-14.102,-0.335443393
2020/1/15,4166.734,-23.152,-0.552568733
2020/1/16,4149.043,-17.691,-0.424577139
2020/1/17,4154.853,5.81,0.140032292
2020/1/20,4185.83,30.977,0.745561877
2020/1/21,4114.309,-71.521,-1.708645597
2020/1/22,4131.931,17.622,0.428310076
2020/1/23,4003.901,-128.03,-3.098551258
2020/2/3,3688.358,-315.543,-7.880889163
2020/2/4,3785.638,97.28,2.63748801
2020/2/5,3828.527,42.889,1.132939811
2020/2/6,3899.775,71.248,1.86097682
2020/2/7,3899.869,0.094,0.002410395
2020/2/10,3916.005,16.136,0.413757488
2020/2/11,3952.464,36.459,0.931025369
2020/2/12,3984.433,31.969,0.808837222
2020/2/13,3959.919,-24.514,-0.615244377
2020/2/14,3987.734,27.815,0.702413357
2020/2/17,4077.424,89.69,2.249147009
2020/2/18,4057.511,-19.913,-0.48837207
2020/2/19,4051.311,-6.2,-0.152803036
2020/2/20,4144.656,93.345,2.304068979
2020/2/21,4149.49,4.834,0.116632116
2020/2/24,4132.839,-16.651,-0.401278229
2020/2/25,4123.854,-8.985,-0.217405033
2020/2/26,4073.015,-50.839,-1.232803101
2020/2/27,4084.876,11.861,0.291209338
2020/2/28,3940.049,-144.827,-3.545444219
2020/3/2,4069.666,129.617,3.289730661
2020/3/3,4091.362,21.696,0.533115003
2020/3/4,4115.052,23.69,0.579024784
2020/3/5,4206.725,91.673,2.227748276
2020/3/6,4138.507,-68.218,-1.621641538
2020/3/9,3997.133,-141.374,-3.416062846
2020/3/10,4082.732,85.599,2.141509927
2020/3/11,4028.429,-54.303,-1.33006526
2020/3/12,3950.911,-77.518,-1.924273706
2020/3/13,3895.313,-55.598,-1.407219753
2020/3/16,3727.84,-167.473,-4.29934642
2020/3/17,3709.682,-18.158,-0.487091721
2020/3/18,3636.257,-73.425,-1.979280165
2020/3/19,3589.093,-47.164,-1.297048036
2020/3/20,3653.224,64.131,1.786830266
2020/3/23,3530.306,-122.918,-3.364644489
2020/3/24,3625.115,94.809,2.685574565
2020/3/25,3722.518,97.403,2.686894071
2020/3/26,3698.047,-24.471,-0.657377614
2020/3/27,3710.061,12.014,0.324874184
2020/3/30,3674.111,-35.95,-0.968986763
2020/3/31,3686.155,12.044,0.327807189
2020/4/1,3675.076,-11.079,-0.300557085
2020/4/2,3734.531,59.455,1.617789673
2020/4/3,3713.218,-21.313,-0.570700846
2020/4/7,3798.021,84.803,2.283814201
2020/4/8,3780.345,-17.676,-0.46540027
2020/4/9,3792.811,12.466,0.329758263
2020/4/10,3769.178,-23.633,-0.623099859
2020/4/13,3753.257,-15.921,-0.422399791
2020/4/14,3825.699,72.442,1.930110302
2020/4/15,3797.362,-28.337,-0.740701242
2020/4/16,3802.381,5.019,0.132170702
2020/4/17,3839.487,37.106,0.975862229
2020/4/20,3853.455,13.968,0.363798601
2020/4/21,3808.047,-45.408,-1.178371098
2020/4/22,3839.383,31.336,0.822889003
2020/4/23,3829.753,-9.63,-0.250821551
2020/4/24,3796.972,-32.781,-0.855955985
2020/4/27,3822.769,25.797,0.679409803
2020/4/28,3849.147,26.378,0.690023384
2020/4/29,3867.032,17.885,0.464648401
2020/4/30,3912.577,45.545,1.177776651
2020/5/6,3936.254,23.677,0.60515103
2020/5/7,3924.895,-11.359,-0.288573857
2020/5/8,3963.622,38.727,0.986701555
2020/5/11,3960.18,-3.442,-0.086839764
2020/5/12,3960.238,0.058,0.00146458
2020/5/13,3968.253,8.015,0.202386826
2020/5/14,3925.218,-43.035,-1.084482265
2020/5/15,3912.816,-12.402,-0.315956974
2020/5/18,3922.912,10.096,0.258023889
2020/5/19,3956.25,33.338,0.849827883
2020/5/20,3935.222,-21.028,-0.531513428
2020/5/21,3913.795,-21.427,-0.544492788
2020/5/22,3824.064,-89.731,-2.292685233
2020/5/25,3829.325,5.261,0.137576149
2020/5/26,3872.77,43.445,1.134534154
2020/5/27,3845.614,-27.156,-0.701203531
2020/5/28,3856.632,11.018,0.286508214
2020/5/29,3867.023,10.391,0.269431981
2020/6/1,3971.34,104.317,2.69760485
2020/6/2,3983.568,12.228,0.307906148
2020/6/3,3983.648,0.08,0.00200825
2020/6/4,3982.185,-1.463,-0.036725132
2020/6/5,4001.251,19.066,0.478782377
2020/6/8,4021.955,20.704,0.517438171
2020/6/9,4047.029,25.074,0.623428159
2020/6/10,4039.705,-7.324,-0.180972264
2020/6/11,3995.885,-43.82,-1.084732672
2020/6/12,4003.083,7.198,0.180135314
2020/6/15,3954.988,-48.095,-1.201448983
2020/6/16,4014.57,59.582,1.506502675
2020/6/17,4017.594,3.024,0.075325626
2020/6/18,4044.384,26.79,0.666817005
2020/6/19,4098.71,54.326,1.34324535
2020/6/22,4102.046,3.336,0.081391462
2020/6/23,4121.794,19.748,0.481418297
2020/6/24,4138.99,17.196,0.417196978
2020/6/29,4109.716,-29.274,-0.707273997
2020/6/30,4163.964,54.248,1.319993888
2020/7/1,4247.784,83.82,2.012985703
2020/7/2,4335.845,88.061,2.07310447
2020/7/3,4419.596,83.751,1.931595802
2020/7/6,4670.095,250.499,5.667916253
2020/7/7,4698.126,28.031,0.600223336
2020/7/8,4774.004,75.878,1.615069498
2020/7/9,4840.771,66.767,1.398553499
2020/7/10,4753.133,-87.638,-1.810414085
2020/7/13,4852.961,99.828,2.10025682
2020/7/14,4806.69,-46.271,-0.953459136
2020/7/15,4744.469,-62.221,-1.29446667
2020/7/16,4516.253,-228.216,-4.810148406
2020/7/17,4544.701,28.448,0.629902709
2020/7/20,4680.305,135.604,2.983782651
2020/7/21,4691.043,10.738,0.229429492
2020/7/22,4714.445,23.402,0.498865604
2020/7/23,4712.436,-2.009,-0.042613712
2020/7/24,4505.591,-206.845,-4.389343431
2020/7/27,4528.45,22.859,0.507347427
2020/7/28,4568.258,39.808,0.879064581
2020/7/29,4679.008,110.75,2.42433768
2020/7/30,4656.151,-22.857,-0.488500981
2020/7/31,4695.046,38.895,0.83534662
2020/8/3,4771.311,76.265,1.624371731
2020/8/4,4775.802,4.491,0.094125074
2020/8/5,4777.109,1.307,0.027367131
2020/8/6,4762.764,-14.345,-0.300286219
2020/8/7,4707.926,-54.838,-1.151390243
2020/8/10,4724.87,16.944,0.359903703
2020/8/11,4681.784,-43.086,-0.911898105
2020/8/12,4647.645,-34.139,-0.729187848
2020/8/13,4635.713,-11.932,-0.256732173
2020/8/14,4704.629,68.916,1.486632153
2020/8/17,4815.226,110.597,2.350812359
2020/8/18,4812.756,-2.47,-0.051295619
2020/8/19,4740.678,-72.078,-1.497645008
2020/8/20,4679.154,-61.524,-1.29778905
2020/8/21,4718.843,39.689,0.848208886
2020/8/24,4755.849,37.006,0.784217657
2020/8/25,4761.951,6.102,0.128305167
2020/8/26,4706.13,-55.821,-1.172229618
2020/8/27,4731.345,25.215,0.535790554
2020/8/28,4844.265,112.92,2.386636358
2020/8/31,4816.215,-28.05,-0.57903521
2020/9/1,4842.122,25.907,0.537912033
2020/9/2,4843.887,1.765,0.036450961
2020/9/3,4817.095,-26.792,-0.553109517
2020/9/4,4770.219,-46.876,-0.973117615
2020/9/7,4669.368,-100.851,-2.114179663
2020/9/8,4694.389,25.021,0.535854103
2020/9/9,4584.589,-109.8,-2.338962536
2020/9/10,4581.978,-2.611,-0.05695167
2020/9/11,4627.283,45.305,0.988765114
2020/9/14,4651.051,23.768,0.513649154
2020/9/15,4688.483,37.432,0.804807344
2020/9/16,4657.358,-31.125,-0.663860784
2020/9/17,4632.714,-24.644,-0.5291412
2020/9/18,4737.089,104.375,2.252998998
2020/9/21,4691.428,-45.661,-0.963904204
2020/9/22,4635.761,-55.667,-1.186568354
2020/9/23,4652.327,16.566,0.357352331
2020/9/24,4563.066,-89.261,-1.918631257
2020/9/25,4570.022,6.956,0.152441363
2020/9/28,4581.909,11.887,0.260108157
2020/9/29,4591.799,9.89,0.215848896
2020/9/30,4587.395,-4.404,-0.095910122
2020/10/9,4681.141,93.746,2.04355631
2020/10/12,4823.158,142.017,3.033811628
2020/10/13,4839.201,16.043,0.332624393
2020/10/14,4807.102,-32.099,-0.663311981
2020/10/15,4798.736,-8.366,-0.174034169
2020/10/16,4791.676,-7.06,-0.147122075
2020/10/19,4755.488,-36.188,-0.755226355
2020/10/20,4793.467,37.979,0.798635177
2020/10/21,4792.828,-0.639,-0.013330644
2020/10/22,4777.985,-14.843,-0.309691898
2020/10/23,4718.488,-59.497,-1.245232038
2020/10/26,4691.236,-27.252,-0.577557896
2020/10/27,4699.279,8.043,0.171447354
2020/10/28,4737.272,37.993,0.808485727
2020/10/29,4772.92,35.648,0.752500595
2020/10/30,4695.334,-77.586,-1.625545787
2020/11/2,4720.831,25.497,0.543028462
2020/11/3,4777.561,56.73,1.20169521
2020/11/4,4813.656,36.095,0.755511023
2020/11/5,4885.112,71.456,1.484443425
2020/11/6,4885.718,0.606,0.012405038
2020/11/9,4981.35,95.632,1.957378629
2020/11/10,4953.876,-27.474,-0.551537234
2020/11/11,4904.898,-48.978,-0.988680379
2020/11/12,4908.463,3.565,0.072682449
2020/11/13,4856.851,-51.612,-1.051490049
2020/11/16,4904.172,47.321,0.974314427
2020/11/17,4894.786,-9.386,-0.191388067
2020/11/18,4891.672,-3.114,-0.063618716
2020/11/19,4927.989,36.317,0.742425085
2020/11/20,4943.288,15.299,0.31045118
2020/11/23,5005.027,61.739,1.248946046
2020/11/24,4974.286,-30.741,-0.614202481
2020/11/25,4910.7,-63.586,-1.27829401
2020/11/26,4919.591,8.891,0.181053618
2020/11/27,4980.765,61.174,1.243477354
2020/11/30,4960.252,-20.513,-0.411844365
2020/12/1,5067.098,106.846,2.154043786
2020/12/2,5067.145,0.047,0.000927553
2020/12/3,5057.06,-10.085,-0.199027263
2020/12/4,5065.916,8.856,0.175121513
2020/12/7,5022.235,-43.681,-0.86225275
2020/12/8,5009.879,-12.356,-0.246025923
2020/12/9,4942.699,-67.18,-1.34095055
2020/12/10,4940.525,-2.174,-0.043984066
2020/12/11,4889.629,-50.896,-1.030173919
2020/12/14,4934.835,45.206,0.924528221
2020/12/15,4945.1,10.265,0.208011007
2020/12/16,4953.867,8.767,0.177286607
2020/12/17,5017.478,63.611,1.284067578
2020/12/18,4999.968,-17.51,-0.348980105
2020/12/21,5046.84,46.872,0.937446
2020/12/22,4964.773,-82.067,-1.626106633
2020/12/23,5007.124,42.351,0.853029937
2020/12/24,5000.015,-7.109,-0.14197771
2020/12/25,5042.014,41.999,0.83997748
2020/12/28,5064.415,22.401,0.444286747
2020/12/29,5042.936,-21.479,-0.424116112
2020/12/30,5113.711,70.775,1.403448309
2020/12/31,5211.289,97.578,1.908164149
2021/1/4,5267.718,56.429,1.082822311
2021/1/5,5368.505,100.787,1.913295283
2021/1/6,5417.668,49.163,0.915767052
2021/1/7,5513.657,95.989,1.771777082
2021/1/8,5495.431,-18.226,-0.330561005
2021/1/11,5441.158,-54.273,-0.987602246
2021/1/12,5596.353,155.195,2.852242115
2021/1/13,5577.971,-18.382,-0.328463912
2021/1/14,5470.456,-107.515,-1.92749299
2021/1/15,5458.081,-12.375,-0.226215146
2021/1/18,5518.521,60.44,1.107348902
2021/1/19,5437.523,-80.998,-1.467748333
2021/1/20,5476.434,38.911,0.715601571
2021/1/21,5564.969,88.535,1.616654195
2021/1/22,5569.776,4.807,0.086379637
2021/1/25,5625.923,56.147,1.008065674
2021/1/26,5512.968,-112.955,-2.007759438
2021/1/27,5528.003,15.035,0.272720611
2021/1/28,5377.143,-150.86,-2.729014438
2021/1/29,5351.965,-25.178,-0.46824122
2021/2/1,5417.648,65.683,1.227268863
2021/2/2,5501.092,83.444,1.540225574
2021/2/3,5485.201,-15.891,-0.288869919
2021/2/4,5473.948,-11.253,-0.205152008
2021/2/5,5483.414,9.466,0.172928205
2021/2/8,5564.562,81.148,1.479880965
2021/2/9,5686.25,121.688,2.186838784
2021/2/10,5807.719,121.469,2.136188173
2021/2/18,5768.381,-39.338,-0.677339933
2021/2/19,5778.842,10.461,0.181350712
2021/2/22,5597.333,-181.509,-3.140923389
2021/2/23,5579.668,-17.665,-0.315596732
2021/2/24,5437.568,-142.1,-2.546746509
2021/2/25,5469.558,31.99,0.588314482
2021/2/26,5336.761,-132.797,-2.427929277
2021/3/1,5418.784,82.023,1.536943476
2021/3/2,5349.63,-69.154,-1.276190378
2021/3/3,5452.213,102.583,1.917571869
2021/3/4,5280.706,-171.507,-3.145640128
2021/3/5,5262.796,-17.91,-0.339159196
2021/3/8,5080.025,-182.771,-3.472887796
2021/3/9,4970.999,-109.026,-2.14617054
2021/3/10,5003.612,32.613,0.65606531
2021/3/11,5128.216,124.604,2.490281021
2021/3/12,5146.379,18.163,0.354177749
2021/3/15,5035.544,-110.835,-2.153650168
2021/3/16,5079.362,43.818,0.870174106
2021/3/17,5100.858,21.496,0.423202757
2021/3/18,5141.768,40.91,0.802021934
2021/3/19,5007.091,-134.677,-2.619274149
2021/3/22,5057.152,50.061,0.999802081
2021/3/23,5009.246,-47.906,-0.947292073
2021/3/24,4928.685,-80.561,-1.608246031
2021/3/25,4926.347,-2.338,-0.047436588
2021/3/26,5037.99,111.643,2.266243121
2021/3/29,5046.877,8.887,0.176399715
2021/3/30,5094.729,47.852,0.948150708
2021/3/31,5048.361,-46.368,-0.910117103
2021/4/1,5110.777,62.416,1.236361663
2021/4/2,5161.557,50.78,0.993586689
2021/4/6,5140.342,-21.215,-0.411019388
2021/4/7,5103.743,-36.599,-0.711995428
2021/4/8,5112.209,8.466,0.165878258
2021/4/9,5035.337,-76.872,-1.503694391
2021/4/12,4947.746,-87.591,-1.739526073
2021/4/14,4980.628,32.882,0.66458545
2021/4/15,4948.974,-31.654,-0.635542345
2021/4/16,4966.181,17.207,0.347688228
2021/4/19,5087.017,120.836,2.433177526
2021/4/20,5083.365,-3.652,-0.071790599
2021/4/21,5098.745,15.38,0.302555492
2021/4/22,5089.244,-9.501,-0.186339972
2021/4/23,5135.453,46.209,0.907973758
2021/4/26,5077.237,-58.216,-1.13360983
2021/4/27,5090.52,13.283,0.261618672
2021/4/28,5119.242,28.722,0.564225266
2021/4/29,5164.169,44.927,0.877610396
2021/4/30,5123.489,-40.68,-0.787735645
