DATE,DTB3
1/4/2016,0.22 
1/5/2016,0.20 
1/6/2016,0.21 
1/7/2016,0.20 
1/8/2016,0.20 
1/11/2016,0.21 
1/12/2016,0.21 
1/13/2016,0.22 
1/14/2016,0.25 
1/15/2016,0.23 
1/18/2016,0.00 
1/19/2016,0.26 
1/20/2016,0.26 
1/21/2016,0.28 
1/22/2016,0.30 
1/25/2016,0.31 
1/26/2016,0.31 
1/27/2016,0.32 
1/28/2016,0.34 
1/29/2016,0.32 
2/1/2016,0.35 
2/2/2016,0.34 
2/3/2016,0.33 
2/4/2016,0.29 
2/5/2016,0.29 
2/8/2016,0.32 
2/9/2016,0.30 
2/10/2016,0.31 
2/11/2016,0.28 
2/12/2016,0.29 
2/15/2016,0.00 
2/16/2016,0.30 
2/17/2016,0.30 
2/18/2016,0.30 
2/19/2016,0.30 
2/22/2016,0.33 
2/23/2016,0.32 
2/24/2016,0.33 
2/25/2016,0.32 
2/26/2016,0.32 
2/29/2016,0.33 
3/1/2016,0.33 
3/2/2016,0.35 
3/3/2016,0.27 
3/4/2016,0.28 
3/7/2016,0.32 
3/8/2016,0.29 
3/9/2016,0.30 
3/10/2016,0.31 
3/11/2016,0.32 
3/14/2016,0.34 
3/15/2016,0.34 
3/16/2016,0.31 
3/17/2016,0.29 
3/18/2016,0.29 
3/21/2016,0.31 
3/22/2016,0.30 
3/23/2016,0.30 
3/24/2016,0.29 
3/25/2016,0.00 
3/28/2016,0.29 
3/29/2016,0.23 
3/30/2016,0.20 
3/31/2016,0.21 
4/1/2016,0.23 
4/4/2016,0.23 
4/5/2016,0.23 
4/6/2016,0.23 
4/7/2016,0.23 
4/8/2016,0.23 
4/11/2016,0.23 
4/12/2016,0.22 
4/13/2016,0.23 
4/14/2016,0.22 
4/15/2016,0.22 
4/18/2016,0.22 
4/19/2016,0.21 
4/20/2016,0.23 
4/21/2016,0.23 
4/22/2016,0.23 
4/25/2016,0.25 
4/26/2016,0.24 
4/27/2016,0.24 
4/28/2016,0.22 
4/29/2016,0.22 
5/2/2016,0.22 
5/3/2016,0.21 
5/4/2016,0.19 
5/5/2016,0.20 
5/6/2016,0.19 
5/9/2016,0.24 
5/10/2016,0.24 
5/11/2016,0.26 
5/12/2016,0.27 
5/13/2016,0.28 
5/16/2016,0.28 
5/17/2016,0.28 
5/18/2016,0.30 
5/19/2016,0.30 
5/20/2016,0.32 
5/23/2016,0.35 
5/24/2016,0.35 
5/25/2016,0.33 
5/26/2016,0.30 
5/27/2016,0.31 
5/30/2016,0.00 
5/31/2016,0.34 
6/1/2016,0.30 
6/2/2016,0.28 
6/3/2016,0.29 
6/6/2016,0.28 
6/7/2016,0.28 
6/8/2016,0.24 
6/9/2016,0.25 
6/10/2016,0.25 
6/13/2016,0.27 
6/14/2016,0.27 
6/15/2016,0.26 
6/16/2016,0.27 
6/17/2016,0.26 
6/20/2016,0.28 
6/21/2016,0.27 
6/22/2016,0.27 
6/23/2016,0.30 
6/24/2016,0.26 
6/27/2016,0.27 
6/28/2016,0.26 
6/29/2016,0.26 
6/30/2016,0.26 
7/1/2016,0.27 
7/4/2016,0.00 
7/5/2016,0.28 
7/6/2016,0.27 
7/7/2016,0.29 
7/8/2016,0.27 
7/11/2016,0.31 
7/12/2016,0.29 
7/13/2016,0.31 
7/14/2016,0.31 
7/15/2016,0.31 
7/18/2016,0.32 
7/19/2016,0.31 
7/20/2016,0.32 
7/21/2016,0.31 
7/22/2016,0.32 
7/25/2016,0.32 
7/26/2016,0.31 
7/27/2016,0.31 
7/28/2016,0.25 
7/29/2016,0.27 
8/1/2016,0.29 
8/2/2016,0.29 
8/3/2016,0.28 
8/4/2016,0.26 
8/5/2016,0.27 
8/8/2016,0.31 
8/9/2016,0.29 
8/10/2016,0.28 
8/11/2016,0.28 
8/12/2016,0.28 
8/15/2016,0.31 
8/16/2016,0.27 
8/17/2016,0.30 
8/18/2016,0.29 
8/19/2016,0.29 
8/22/2016,0.29 
8/23/2016,0.30 
8/24/2016,0.31 
8/25/2016,0.33 
8/26/2016,0.33 
8/29/2016,0.33 
8/30/2016,0.33 
8/31/2016,0.33 
9/1/2016,0.33 
9/2/2016,0.32 
9/5/2016,0.00 
9/6/2016,0.32 
9/7/2016,0.34 
9/8/2016,0.34 
9/9/2016,0.34 
9/12/2016,0.37 
9/13/2016,0.36 
9/14/2016,0.33 
9/15/2016,0.29 
9/16/2016,0.29 
9/19/2016,0.30 
9/20/2016,0.30 
9/21/2016,0.22 
9/22/2016,0.18 
9/23/2016,0.18 
9/26/2016,0.25 
9/27/2016,0.26 
9/28/2016,0.27 
9/29/2016,0.26 
9/30/2016,0.28 
10/3/2016,0.32 
10/4/2016,0.33 
10/5/2016,0.32 
10/6/2016,0.32 
10/7/2016,0.32 
10/10/2016,0.00 
10/11/2016,0.35 
10/12/2016,0.36 
10/13/2016,0.29 
10/14/2016,0.31 
10/17/2016,0.34 
10/18/2016,0.34 
10/19/2016,0.34 
10/20/2016,0.34 
10/21/2016,0.33 
10/24/2016,0.33 
10/25/2016,0.34 
10/26/2016,0.33 
10/27/2016,0.29 
10/28/2016,0.29 
10/31/2016,0.34 
11/1/2016,0.35 
11/2/2016,0.36 
11/3/2016,0.37 
11/4/2016,0.37 
11/7/2016,0.41 
11/8/2016,0.43 
11/9/2016,0.44 
11/10/2016,0.47 
11/11/2016,0.00 
11/14/2016,0.54 
11/15/2016,0.50 
11/16/2016,0.46 
11/17/2016,0.43 
11/18/2016,0.43 
11/21/2016,0.46 
11/22/2016,0.48 
11/23/2016,0.50 
11/24/2016,0.00 
11/25/2016,0.48 
11/28/2016,0.48 
11/29/2016,0.48 
11/30/2016,0.48 
12/1/2016,0.47 
12/2/2016,0.48 
12/5/2016,0.49 
12/6/2016,0.49 
12/7/2016,0.51 
12/8/2016,0.50 
12/9/2016,0.53 
12/12/2016,0.51 
12/13/2016,0.54 
12/14/2016,0.54 
12/15/2016,0.50 
12/16/2016,0.50 
12/19/2016,0.52 
12/20/2016,0.52 
12/21/2016,0.51 
12/22/2016,0.50 
12/23/2016,0.51 
12/26/2016,0.00 
12/27/2016,0.51 
12/28/2016,0.52 
12/29/2016,0.46 
12/30/2016,0.50 
1/2/2017,0.00 
1/3/2017,0.53 
1/4/2017,0.52 
1/5/2017,0.51 
1/6/2017,0.52 
1/9/2017,0.50 
1/10/2017,0.51 
1/11/2017,0.51 
1/12/2017,0.51 
1/13/2017,0.52 
1/16/2017,0.00 
1/17/2017,0.54 
1/18/2017,0.52 
1/19/2017,0.51 
1/20/2017,0.49 
1/23/2017,0.51 
1/24/2017,0.50 
1/25/2017,0.49 
1/26/2017,0.50 
1/27/2017,0.51 
1/30/2017,0.51 
1/31/2017,0.52 
2/1/2017,0.50 
2/2/2017,0.51 
2/3/2017,0.50 
2/6/2017,0.53 
2/7/2017,0.53 
2/8/2017,0.53 
2/9/2017,0.53 
2/10/2017,0.54 
2/13/2017,0.52 
2/14/2017,0.54 
2/15/2017,0.53 
2/16/2017,0.52 
2/17/2017,0.52 
2/20/2017,0.00 
2/21/2017,0.53 
2/22/2017,0.52 
2/23/2017,0.51 
2/24/2017,0.51 
2/27/2017,0.50 
2/28/2017,0.53 
3/1/2017,0.62 
3/2/2017,0.66 
3/3/2017,0.70 
3/6/2017,0.73 
3/7/2017,0.75 
3/8/2017,0.72 
3/9/2017,0.72 
3/10/2017,0.73 
3/13/2017,0.78 
3/14/2017,0.77 
3/15/2017,0.72 
3/16/2017,0.72 
3/17/2017,0.72 
3/20/2017,0.75 
3/21/2017,0.76 
3/22/2017,0.76 
3/23/2017,0.75 
3/24/2017,0.77 
3/27/2017,0.77 
3/28/2017,0.77 
3/29/2017,0.77 
3/30/2017,0.77 
3/31/2017,0.75 
4/3/2017,0.78 
4/4/2017,0.78 
4/5/2017,0.79 
4/6/2017,0.78 
4/7/2017,0.81 
4/10/2017,0.81 
4/11/2017,0.81 
4/12/2017,0.80 
4/13/2017,0.80 
4/14/2017,0.00 
4/17/2017,0.82 
4/18/2017,0.81 
4/19/2017,0.80 
4/20/2017,0.78 
4/21/2017,0.78 
4/24/2017,0.80 
4/25/2017,0.81 
4/26/2017,0.82 
4/27/2017,0.80 
4/28/2017,0.79 
5/1/2017,0.82 
5/2/2017,0.81 
5/3/2017,0.84 
5/4/2017,0.84 
5/5/2017,0.88 
5/8/2017,0.90 
5/9/2017,0.90 
5/10/2017,0.89 
5/11/2017,0.87 
5/12/2017,0.86 
5/15/2017,0.89 
5/16/2017,0.89 
5/17/2017,0.89 
5/18/2017,0.91 
5/19/2017,0.90 
5/22/2017,0.92 
5/23/2017,0.91 
5/24/2017,0.92 
5/25/2017,0.92 
5/26/2017,0.92 
5/29/2017,0.00 
5/30/2017,0.92 
5/31/2017,0.96 
6/1/2017,0.96 
6/2/2017,0.96 
6/5/2017,0.95 
6/6/2017,0.96 
6/7/2017,0.98 
6/8/2017,0.99 
6/9/2017,0.99 
6/12/2017,0.97 
6/13/2017,0.99 
6/14/2017,0.99 
6/15/2017,1.00 
6/16/2017,1.01 
6/19/2017,1.01 
6/20/2017,1.00 
6/21/2017,0.97 
6/22/2017,0.94 
6/23/2017,0.95 
6/26/2017,0.98 
6/27/2017,0.99 
6/28/2017,1.00 
6/29/2017,1.02 
6/30/2017,1.01 
7/3/2017,1.04 
7/4/2017,0.00 
7/5/2017,1.03 
7/6/2017,1.02 
7/7/2017,1.03 
7/10/2017,1.03 
7/11/2017,1.03 
7/12/2017,1.03 
7/13/2017,1.03 
7/14/2017,1.02 
7/17/2017,1.05 
7/18/2017,1.05 
7/19/2017,1.09 
7/20/2017,1.13 
7/21/2017,1.14 
7/24/2017,1.15 
7/25/2017,1.16 
7/26/2017,1.11 
7/27/2017,1.09 
7/28/2017,1.06 
7/31/2017,1.05 
8/1/2017,1.06 
8/2/2017,1.06 
8/3/2017,1.06 
8/4/2017,1.06 
8/7/2017,1.01 
8/8/2017,1.04 
8/9/2017,1.04 
8/10/2017,1.03 
8/11/2017,1.01 
8/14/2017,1.01 
8/15/2017,1.02 
8/16/2017,1.00 
8/17/2017,0.98 
8/18/2017,1.00 
8/21/2017,0.99 
8/22/2017,0.99 
8/23/2017,0.98 
8/24/2017,1.00 
8/25/2017,1.01 
8/28/2017,0.97 
8/29/2017,1.01 
8/30/2017,1.01 
8/31/2017,0.99 
9/1/2017,1.00 
9/4/2017,0.00 
9/5/2017,1.01 
9/6/2017,1.05 
9/7/2017,1.03 
9/8/2017,1.02 
9/11/2017,1.04 
9/12/2017,1.02 
9/13/2017,1.02 
9/14/2017,1.03 
9/15/2017,1.03 
9/18/2017,1.04 
9/19/2017,1.03 
9/20/2017,1.02 
9/21/2017,1.02 
9/22/2017,1.01 
9/25/2017,1.04 
9/26/2017,1.05 
9/27/2017,1.05 
9/28/2017,1.04 
9/29/2017,1.04 
10/2/2017,1.00 
10/3/2017,1.05 
10/4/2017,1.06 
10/5/2017,1.05 
10/6/2017,1.05 
10/9/2017,0.00 
10/10/2017,1.06 
10/11/2017,1.08 
10/12/2017,1.07 
10/13/2017,1.07 
10/16/2017,1.09 
10/17/2017,1.07 
10/18/2017,1.07 
10/19/2017,1.08 
10/20/2017,1.09 
10/23/2017,1.08 
10/24/2017,1.10 
10/25/2017,1.10 
10/26/2017,1.09 
10/27/2017,1.08 
10/30/2017,1.10 
10/31/2017,1.13 
11/1/2017,1.16 
11/2/2017,1.15 
11/3/2017,1.16 
11/6/2017,1.17 
11/7/2017,1.20 
11/8/2017,1.21 
11/9/2017,1.22 
11/10/2017,1.21 
11/13/2017,1.22 
11/14/2017,1.24 
11/15/2017,1.23 
11/16/2017,1.25 
11/17/2017,1.26 
11/20/2017,1.28 
11/21/2017,1.28 
11/22/2017,1.27 
11/23/2017,0.00 
11/24/2017,1.26 
11/27/2017,1.25 
11/28/2017,1.28 
11/29/2017,1.27 
11/30/2017,1.25 
12/1/2017,1.25 
12/4/2017,1.28 
12/5/2017,1.28 
12/6/2017,1.28 
12/7/2017,1.27 
12/8/2017,1.26 
12/11/2017,1.31 
12/12/2017,1.32 
12/13/2017,1.28 
12/14/2017,1.30 
12/15/2017,1.29 
12/18/2017,1.36 
12/19/2017,1.35 
12/20/2017,1.36 
12/21/2017,1.33 
12/22/2017,1.31 
12/25/2017,0.00 
12/26/2017,1.45 
12/27/2017,1.42 
12/28/2017,1.37 
12/29/2017,1.37 
1/1/2018,0.00 
1/2/2018,1.42 
1/3/2018,1.39 
1/4/2018,1.39 
1/5/2018,1.37 
1/8/2018,1.43 
1/9/2018,1.42 
1/10/2018,1.40 
1/11/2018,1.41 
1/12/2018,1.41 
1/15/2018,0.00 
1/16/2018,1.43 
1/17/2018,1.42 
1/18/2018,1.43 
1/19/2018,1.42 
1/22/2018,1.43 
1/23/2018,1.42 
1/24/2018,1.41 
1/25/2018,1.40 
1/26/2018,1.39 
1/29/2018,1.43 
1/30/2018,1.42 
1/31/2018,1.44 
2/1/2018,1.46 
2/2/2018,1.46 
2/5/2018,1.49 
2/6/2018,1.50 
2/7/2018,1.53 
2/8/2018,1.53 
2/9/2018,1.53 
2/12/2018,1.61 
2/13/2018,1.57 
2/14/2018,1.56 
2/15/2018,1.56 
2/16/2018,1.59 
2/19/2018,0.00 
2/20/2018,1.64 
2/21/2018,1.62 
2/22/2018,1.61 
2/23/2018,1.61 
2/26/2018,1.65 
2/27/2018,1.64 
2/28/2018,1.63 
3/1/2018,1.60 
3/2/2018,1.62 
3/5/2018,1.67 
3/6/2018,1.65 
3/7/2018,1.65 
3/8/2018,1.64 
3/9/2018,1.64 
3/12/2018,1.68 
3/13/2018,1.70 
3/14/2018,1.73 
3/15/2018,1.74 
3/16/2018,1.75 
3/19/2018,1.77 
3/20/2018,1.78 
3/21/2018,1.71 
3/22/2018,1.69 
3/23/2018,1.71 
3/26/2018,1.76 
3/27/2018,1.74 
3/28/2018,1.70 
3/29/2018,1.70 
3/30/2018,0.00 
4/2/2018,1.74 
4/3/2018,1.72 
4/4/2018,1.68 
4/5/2018,1.69 
4/6/2018,1.70 
4/9/2018,1.73 
4/10/2018,1.71 
4/11/2018,1.70 
4/12/2018,1.72 
4/13/2018,1.73 
4/16/2018,1.76 
4/17/2018,1.77 
4/18/2018,1.78 
4/19/2018,1.79 
4/20/2018,1.78 
4/23/2018,1.84 
4/24/2018,1.84 
4/25/2018,1.82 
4/26/2018,1.79 
4/27/2018,1.78 
4/30/2018,1.84 
5/1/2018,1.82 
5/2/2018,1.81 
5/3/2018,1.80 
5/4/2018,1.80 
5/7/2018,1.83 
5/8/2018,1.84 
5/9/2018,1.85 
5/10/2018,1.86 
5/11/2018,1.88 
5/14/2018,1.90 
5/15/2018,1.89 
5/16/2018,1.88 
5/17/2018,1.88 
5/18/2018,1.87 
5/21/2018,1.90 
5/22/2018,1.90 
5/23/2018,1.88 
5/24/2018,1.87 
5/25/2018,1.86 
5/28/2018,0.00 
5/29/2018,1.90 
5/30/2018,1.90 
5/31/2018,1.89 
6/1/2018,1.88 
6/4/2018,1.91 
6/5/2018,1.91 
6/6/2018,1.91 
6/7/2018,1.90 
6/8/2018,1.89 
6/11/2018,1.91 
6/12/2018,1.89 
6/13/2018,1.90 
6/14/2018,1.90 
6/15/2018,1.90 
6/18/2018,1.91 
6/19/2018,1.91 
6/20/2018,1.90 
6/21/2018,1.90 
6/22/2018,1.89 
6/25/2018,1.90 
6/26/2018,1.90 
6/27/2018,1.89 
6/28/2018,1.89 
6/29/2018,1.89 
7/2/2018,1.95 
7/3/2018,1.94 
7/4/2018,0.00 
7/5/2018,1.92 
7/6/2018,1.93 
7/9/2018,1.95 
7/10/2018,1.95 
7/11/2018,1.93 
7/12/2018,1.94 
7/13/2018,1.94 
7/16/2018,1.98 
7/17/2018,1.98 
7/18/2018,1.96 
7/19/2018,1.96 
7/20/2018,1.95 
7/23/2018,1.96 
7/24/2018,1.98 
7/25/2018,1.97 
7/26/2018,1.95 
7/27/2018,1.96 
7/30/2018,2.01 
7/31/2018,1.99 
8/1/2018,1.99 
8/2/2018,1.98 
8/3/2018,1.97 
8/6/2018,2.02 
8/7/2018,2.02 
8/8/2018,2.02 
8/9/2018,2.02 
8/10/2018,2.01 
8/13/2018,2.03 
8/14/2018,2.04 
8/15/2018,2.03 
8/16/2018,2.03 
8/17/2018,2.01 
8/20/2018,2.03 
8/21/2018,2.04 
8/22/2018,2.05 
8/23/2018,2.04 
8/24/2018,2.05 
8/27/2018,2.08 
8/28/2018,2.09 
8/29/2018,2.09 
8/30/2018,2.07 
8/31/2018,2.07 
9/3/2018,0.00 
9/4/2018,2.09 
9/5/2018,2.10 
9/6/2018,2.09 
9/7/2018,2.10 
9/10/2018,2.11 
9/11/2018,2.11 
9/12/2018,2.12 
9/13/2018,2.11 
9/14/2018,2.12 
9/17/2018,2.13 
9/18/2018,2.13 
9/19/2018,2.12 
9/20/2018,2.13 
9/21/2018,2.14 
9/24/2018,2.18 
9/25/2018,2.17 
9/26/2018,2.16 
9/27/2018,2.14 
9/28/2018,2.15 
10/1/2018,2.19 
10/2/2018,2.19 
10/3/2018,2.19 
10/4/2018,2.18 
10/5/2018,2.18 
10/8/2018,0.00 
10/9/2018,2.21 
10/10/2018,2.23 
10/11/2018,2.22 
10/12/2018,2.23 
10/15/2018,2.27 
10/16/2018,2.26 
10/17/2018,2.27 
10/18/2018,2.27 
10/19/2018,2.26 
10/22/2018,2.30 
10/23/2018,2.29 
10/24/2018,2.29 
10/25/2018,2.29 
10/26/2018,2.28 
10/29/2018,2.30 
10/30/2018,2.29 
10/31/2018,2.29 
11/1/2018,2.27 
11/2/2018,2.28 
11/5/2018,2.32 
11/6/2018,2.31 
11/7/2018,2.32 
11/8/2018,2.30 
11/9/2018,2.31 
11/12/2018,0.00 
11/13/2018,2.34 
11/14/2018,2.33 
11/15/2018,2.32 
11/16/2018,2.31 
11/19/2018,2.34 
11/20/2018,2.34 
11/21/2018,2.36 
11/22/2018,0.00 
11/23/2018,2.36 
11/26/2018,2.37 
11/27/2018,2.36 
11/28/2018,2.35 
11/29/2018,2.32 
11/30/2018,2.32 
12/3/2018,2.34 
12/4/2018,2.38 
12/5/2018,0.00 
12/6/2018,2.36 
12/7/2018,2.35 
12/10/2018,2.37 
12/11/2018,2.37 
12/12/2018,2.39 
12/13/2018,2.38 
12/14/2018,2.37 
12/17/2018,2.36 
12/18/2018,2.34 
12/19/2018,2.35 
12/20/2018,2.34 
12/21/2018,2.34 
12/24/2018,2.41 
12/25/2018,0.00 
12/26/2018,2.39 
12/27/2018,2.36 
12/28/2018,2.35 
12/31/2018,2.40 
1/1/2019,0.00 
1/2/2019,2.37 
1/3/2019,2.36 
1/4/2019,2.37 
1/7/2019,2.41 
1/8/2019,2.41 
1/9/2019,2.40 
1/10/2019,2.38 
1/11/2019,2.38 
1/14/2019,2.40 
1/15/2019,2.40 
1/16/2019,2.38 
1/17/2019,2.37 
1/18/2019,2.36 
1/21/2019,0.00 
1/22/2019,2.38 
1/23/2019,2.36 
1/24/2019,2.32 
1/25/2019,2.34 
1/28/2019,2.37 
1/29/2019,2.37 
1/30/2019,2.37 
1/31/2019,2.36 
2/1/2019,2.35 
2/4/2019,2.37 
2/5/2019,2.37 
2/6/2019,2.37 
2/7/2019,2.37 
2/8/2019,2.38 
2/11/2019,2.40 
2/12/2019,2.38 
2/13/2019,2.39 
2/14/2019,2.38 
2/15/2019,2.38 
2/18/2019,0.00 
2/19/2019,2.41 
2/20/2019,2.40 
2/21/2019,2.40 
2/22/2019,2.41 
2/25/2019,2.42 
2/26/2019,2.40 
2/27/2019,2.40 
2/28/2019,2.40 
3/1/2019,2.39 
3/4/2019,2.41 
3/5/2019,2.41 
3/6/2019,2.41 
3/7/2019,2.40 
3/8/2019,2.41 
3/11/2019,2.41 
3/12/2019,2.41 
3/13/2019,2.40 
3/14/2019,2.40 
3/15/2019,2.40 
3/18/2019,2.39 
3/19/2019,2.41 
3/20/2019,2.42 
3/21/2019,2.43 
3/22/2019,2.41 
3/25/2019,2.41 
3/26/2019,2.41 
3/27/2019,2.39 
3/28/2019,2.38 
3/29/2019,2.35 
4/1/2019,2.38 
4/2/2019,2.37 
4/3/2019,2.39 
4/4/2019,2.39 
4/5/2019,2.39 
4/8/2019,2.38 
4/9/2019,2.37 
4/10/2019,2.38 
4/11/2019,2.38 
4/12/2019,2.39 
4/15/2019,2.38 
4/16/2019,2.38 
4/17/2019,2.39 
4/18/2019,2.37 
4/19/2019,0.00 
4/22/2019,2.39 
4/23/2019,2.40 
4/24/2019,2.39 
4/25/2019,2.38 
4/26/2019,2.37 
4/29/2019,2.39 
4/30/2019,2.38 
5/1/2019,2.38 
5/2/2019,2.41 
5/3/2019,2.38 
5/6/2019,2.39 
5/7/2019,2.38 
5/8/2019,2.38 
5/9/2019,2.38 
5/10/2019,2.38 
5/13/2019,2.36 
5/14/2019,2.36 
5/15/2019,2.37 
5/16/2019,2.35 
5/17/2019,2.34 
5/20/2019,2.34 
5/21/2019,2.34 
5/22/2019,2.33 
5/23/2019,2.32 
5/24/2019,2.30 
5/27/2019,0.00 
5/28/2019,2.32 
5/29/2019,2.32 
5/30/2019,2.33 
5/31/2019,2.30 
6/3/2019,2.30 
6/4/2019,2.30 
6/5/2019,2.30 
6/6/2019,2.28 
6/7/2019,2.23 
6/10/2019,2.24 
6/11/2019,2.22 
6/12/2019,2.19 
6/13/2019,2.14 
6/14/2019,2.15 
6/17/2019,2.18 
6/18/2019,2.17 
6/19/2019,2.13 
6/20/2019,2.09 
6/21/2019,2.07 
6/24/2019,2.08 
6/25/2019,2.07 
6/26/2019,2.10 
6/27/2019,2.09 
6/28/2019,2.08 
7/1/2019,2.16 
7/2/2019,2.15 
7/3/2019,2.16 
7/4/2019,0.00 
7/5/2019,2.18 
7/8/2019,2.21 
7/9/2019,2.21 
7/10/2019,2.15 
7/11/2019,2.12 
7/12/2019,2.10 
7/15/2019,2.11 
7/16/2019,2.10 
7/17/2019,2.09 
7/18/2019,2.01 
7/19/2019,2.02 
7/22/2019,2.04 
7/23/2019,2.02 
7/24/2019,2.05 
7/25/2019,2.06 
7/26/2019,2.08 
7/29/2019,2.07 
7/30/2019,2.04 
7/31/2019,2.04 
8/1/2019,2.03 
8/2/2019,2.02 
8/5/2019,2.00 
8/6/2019,2.01 
8/7/2019,1.98 
8/8/2019,1.98 
8/9/2019,1.96 
8/12/2019,1.96 
8/13/2019,1.96 
8/14/2019,1.92 
8/15/2019,1.87 
8/16/2019,1.83 
8/19/2019,1.90 
8/20/2019,1.90 
8/21/2019,1.93 
8/22/2019,1.96 
8/23/2019,1.93 
8/26/2019,1.96 
8/27/2019,1.94 
8/28/2019,1.95 
8/29/2019,1.95 
8/30/2019,1.95 
9/2/2019,0.00 
9/3/2019,1.94 
9/4/2019,1.93 
9/5/2019,1.93 
9/6/2019,1.92 
9/9/2019,1.92 
9/10/2019,1.91 
9/11/2019,1.92 
9/12/2019,1.91 
9/13/2019,1.92 
9/16/2019,1.95 
9/17/2019,1.95 
9/18/2019,1.91 
9/19/2019,1.89 
9/20/2019,1.87 
9/23/2019,1.90 
9/24/2019,1.88 
9/25/2019,1.85 
9/26/2019,1.79 
9/27/2019,1.76 
9/30/2019,1.84 
10/1/2019,1.78 
10/2/2019,1.75 
10/3/2019,1.67 
10/4/2019,1.68 
10/7/2019,1.71 
10/8/2019,1.68 
10/9/2019,1.66 
10/10/2019,1.65 
10/11/2019,1.65 
10/14/2019,0.00 
10/15/2019,1.64 
10/16/2019,1.63 
10/17/2019,1.63 
10/18/2019,1.63 
10/21/2019,1.64 
10/22/2019,1.62 
10/23/2019,1.62 
10/24/2019,1.64 
10/25/2019,1.63 
10/28/2019,1.62 
10/29/2019,1.60 
10/30/2019,1.59 
10/31/2019,1.51 
11/1/2019,1.49 
11/4/2019,1.50 
11/5/2019,1.53 
11/6/2019,1.53 
11/7/2019,1.53 
11/8/2019,1.52 
11/11/2019,0.00 
11/12/2019,1.56 
11/13/2019,1.54 
11/14/2019,1.54 
11/15/2019,1.54 
11/18/2019,1.54 
11/19/2019,1.54 
11/20/2019,1.54 
11/21/2019,1.55 
11/22/2019,1.55 
11/25/2019,1.58 
11/26/2019,1.57 
11/27/2019,1.59 
11/28/2019,0.00 
11/29/2019,1.56 
12/2/2019,1.57 
12/3/2019,1.54 
12/4/2019,1.52 
12/5/2019,1.51 
12/6/2019,1.50 
12/9/2019,1.51 
12/10/2019,1.53 
12/11/2019,1.54 
12/12/2019,1.53 
12/13/2019,1.54 
12/16/2019,1.54 
12/17/2019,1.53 
12/18/2019,1.53 
12/19/2019,1.54 
12/20/2019,1.55 
12/23/2019,1.56 
12/24/2019,1.55 
12/25/2019,0.00 
12/26/2019,1.55 
12/27/2019,1.54 
12/30/2019,1.54 
12/31/2019,1.52 
1/1/2020,0.00 
1/2/2020,1.51 
1/3/2020,1.49 
1/6/2020,1.53 
1/7/2020,1.51 
1/8/2020,1.51 
1/9/2020,1.51 
1/10/2020,1.51 
1/13/2020,1.54 
1/14/2020,1.54 
1/15/2020,1.54 
1/16/2020,1.52 
1/17/2020,1.53 
1/20/2020,0.00 
1/21/2020,1.53 
1/22/2020,1.52 
1/23/2020,1.52 
1/24/2020,1.51 
1/27/2020,1.52 
1/28/2020,1.54 
1/29/2020,1.53 
1/30/2020,1.54 
1/31/2020,1.52 
2/3/2020,1.54 
2/4/2020,1.54 
2/5/2020,1.54 
2/6/2020,1.54 
2/7/2020,1.53 
2/10/2020,1.55 
2/11/2020,1.54 
2/12/2020,1.55 
2/13/2020,1.56 
2/14/2020,1.55 
2/17/2020,0.00 
2/18/2020,1.55 
2/19/2020,1.55 
2/20/2020,1.55 
2/21/2020,1.53 
2/24/2020,1.50 
2/25/2020,1.50 
2/26/2020,1.50 
2/27/2020,1.42 
2/28/2020,1.25 
3/2/2020,1.10 
3/3/2020,0.93 
3/4/2020,0.71 
3/5/2020,0.61 
3/6/2020,0.45 
3/9/2020,0.32 
3/10/2020,0.43 
3/11/2020,0.41 
3/12/2020,0.33 
3/13/2020,0.27 
3/16/2020,0.24 
3/17/2020,0.19 
3/18/2020,0.02 
3/19/2020,0.04 
3/20/2020,0.05 
3/23/2020,0.02 
3/24/2020,0.01 
3/25/2020,-0.04 
3/26/2020,-0.05 
3/27/2020,0.03 
3/30/2020,0.12 
3/31/2020,0.11 
4/1/2020,0.09 
4/2/2020,0.09 
4/3/2020,0.10 
4/6/2020,0.15 
4/7/2020,0.14 
4/8/2020,0.22 
4/9/2020,0.25 
4/10/2020,0.00 
4/13/2020,0.26 
4/14/2020,0.20 
4/15/2020,0.14 
4/16/2020,0.14 
4/17/2020,0.12 
4/20/2020,0.12 
4/21/2020,0.11 
4/22/2020,0.12 
4/23/2020,0.11 
4/24/2020,0.12 
4/27/2020,0.12 
4/28/2020,0.11 
4/29/2020,0.10 
4/30/2020,0.09 
5/1/2020,0.12 
5/4/2020,0.13 
5/5/2020,0.13 
5/6/2020,0.12 
5/7/2020,0.11 
5/8/2020,0.12 
5/11/2020,0.12 
5/12/2020,0.13 
5/13/2020,0.13 
5/14/2020,0.12 
5/15/2020,0.12 
5/18/2020,0.13 
5/19/2020,0.13 
5/20/2020,0.12 
5/21/2020,0.12 
5/22/2020,0.12 
5/25/2020,0.00 
5/26/2020,0.14 
5/27/2020,0.15 
5/28/2020,0.15 
5/29/2020,0.14 
6/1/2020,0.14 
6/2/2020,0.15 
6/3/2020,0.16 
6/4/2020,0.15 
6/5/2020,0.15 
6/8/2020,0.17 
6/9/2020,0.19 
6/10/2020,0.17 
6/11/2020,0.17 
6/12/2020,0.16 
6/15/2020,0.18 
6/16/2020,0.17 
6/17/2020,0.17 
6/18/2020,0.16 
6/19/2020,0.15 
6/22/2020,0.16 
6/23/2020,0.16 
6/24/2020,0.15 
6/25/2020,0.16 
6/26/2020,0.14 
6/29/2020,0.14 
6/30/2020,0.16 
7/1/2020,0.14 
7/2/2020,0.14 
7/3/2020,0.00 
7/6/2020,0.15 
7/7/2020,0.15 
7/8/2020,0.15 
7/9/2020,0.13 
7/10/2020,0.13 
7/13/2020,0.14 
7/14/2020,0.15 
7/15/2020,0.16 
7/16/2020,0.11 
7/17/2020,0.11 
7/20/2020,0.13 
7/21/2020,0.13 
7/22/2020,0.13 
7/23/2020,0.12 
7/24/2020,0.11 
7/27/2020,0.11 
7/28/2020,0.11 
7/29/2020,0.11 
7/30/2020,0.09 
7/31/2020,0.09 
8/3/2020,0.10 
8/4/2020,0.09 
8/5/2020,0.10 
8/6/2020,0.10 
8/7/2020,0.10 
8/10/2020,0.11 
8/11/2020,0.11 
8/12/2020,0.11 
8/13/2020,0.10 
8/14/2020,0.10 
8/17/2020,0.10 
8/18/2020,0.09 
8/19/2020,0.11 
8/20/2020,0.11 
8/21/2020,0.10 
8/24/2020,0.12 
8/25/2020,0.11 
8/26/2020,0.11 
8/27/2020,0.11 
8/28/2020,0.10 
8/31/2020,0.11 
9/1/2020,0.12 
9/2/2020,0.12 
9/3/2020,0.11 
9/4/2020,0.11 
9/7/2020,0.00 
9/8/2020,0.13 
9/9/2020,0.12 
9/10/2020,0.12 
9/11/2020,0.11 
9/14/2020,0.11 
9/15/2020,0.11 
9/16/2020,0.12 
9/17/2020,0.09 
9/18/2020,0.10 
9/21/2020,0.10 
9/22/2020,0.10 
9/23/2020,0.11 
9/24/2020,0.10 
9/25/2020,0.10 
9/28/2020,0.11 
9/29/2020,0.09 
9/30/2020,0.10 
10/1/2020,0.09 
10/2/2020,0.09 
10/5/2020,0.10 
10/6/2020,0.10 
10/7/2020,0.10 
10/8/2020,0.09 
10/9/2020,0.10 
10/12/2020,0.00 
10/13/2020,0.11 
10/14/2020,0.12 
10/15/2020,0.11 
10/16/2020,0.11 
10/19/2020,0.11 
10/20/2020,0.10 
10/21/2020,0.10 
10/22/2020,0.09 
10/23/2020,0.10 
10/26/2020,0.11 
10/27/2020,0.10 
10/28/2020,0.10 
10/29/2020,0.09 
10/30/2020,0.09 
11/2/2020,0.09 
11/3/2020,0.10 
11/4/2020,0.10 
11/5/2020,0.10 
11/6/2020,0.10 
11/9/2020,0.11 
11/10/2020,0.10 
11/11/2020,0.00 
11/12/2020,0.10 
11/13/2020,0.09 
11/16/2020,0.09 
11/17/2020,0.09 
11/18/2020,0.09 
11/19/2020,0.07 
11/20/2020,0.07 
11/23/2020,0.08 
11/24/2020,0.09 
11/25/2020,0.09 
11/26/2020,0.00 
11/27/2020,0.09 
11/30/2020,0.08 
12/1/2020,0.09 
12/2/2020,0.09 
12/3/2020,0.08 
12/4/2020,0.09 
12/7/2020,0.08 
12/8/2020,0.09 
12/9/2020,0.08 
12/10/2020,0.08 
12/11/2020,0.08 
12/14/2020,0.09 
12/15/2020,0.08 
12/16/2020,0.09 
12/17/2020,0.08 
12/18/2020,0.08 
12/21/2020,0.09 
12/22/2020,0.09 
12/23/2020,0.09 
12/24/2020,0.09 
12/25/2020,0.00 
12/28/2020,0.11 
12/29/2020,0.10 
12/30/2020,0.08 
12/31/2020,0.09 
1/1/2021,0.00 
1/4/2021,0.09 
1/5/2021,0.09 
1/6/2021,0.09 
1/7/2021,0.09 
1/8/2021,0.08 
1/11/2021,0.08 
1/12/2021,0.09 
1/13/2021,0.09 
1/14/2021,0.09 
1/15/2021,0.09 
1/18/2021,0.00 
1/19/2021,0.09 
1/20/2021,0.08 
1/21/2021,0.09 
1/22/2021,0.08 
1/25/2021,0.09 
1/26/2021,0.07 
1/27/2021,0.08 
1/28/2021,0.07 
1/29/2021,0.06 
2/1/2021,0.07 
2/2/2021,0.07 
2/3/2021,0.04 
2/4/2021,0.04 
2/5/2021,0.03 
2/8/2021,0.05 
2/9/2021,0.04 
2/10/2021,0.05 
2/11/2021,0.05 
2/12/2021,0.04 
2/15/2021,0.00 
2/16/2021,0.04 
2/17/2021,0.04 
2/18/2021,0.03 
2/19/2021,0.04 
2/22/2021,0.03 
2/23/2021,0.04 
2/24/2021,0.03 
2/25/2021,0.04 
2/26/2021,0.04 
3/1/2021,0.05 
3/2/2021,0.04 
3/3/2021,0.05 
3/4/2021,0.04 
3/5/2021,0.04 
3/8/2021,0.05 
3/9/2021,0.05 
3/10/2021,0.04 
3/11/2021,0.04 
3/12/2021,0.04 
3/15/2021,0.04 
3/16/2021,0.02 
3/17/2021,0.02 
3/18/2021,0.01 
3/19/2021,0.01 
3/22/2021,0.03 
3/23/2021,0.01 
3/24/2021,0.02 
3/25/2021,0.02 
3/26/2021,0.02 
3/29/2021,0.03 
3/30/2021,0.02 
3/31/2021,0.03 
4/1/2021,0.02 
4/2/2021,0.02 
4/5/2021,0.03 
4/6/2021,0.02 
4/7/2021,0.02 
4/8/2021,0.01 
4/9/2021,0.02 
4/12/2021,0.02 
4/13/2021,0.03 
4/14/2021,0.02 
4/15/2021,0.02 
4/16/2021,0.02 
4/19/2021,0.02 
4/20/2021,0.03 
4/21/2021,0.03 
4/22/2021,0.03 
4/23/2021,0.03 
4/26/2021,0.03 
4/27/2021,0.01 
4/28/2021,0.01 
4/29/2021,0.01 
4/30/2021,0.01 
5/3/2021,0.04 
5/4/2021,0.02 
5/5/2021,0.02 
5/6/2021,0.02 
5/7/2021,0.02 
5/10/2021,0.02 
5/11/2021,0.01 
5/12/2021,0.02 
5/13/2021,0.02 
5/14/2021,0.01 
5/17/2021,0.02 
5/18/2021,0.02 
5/19/2021,0.01 
5/20/2021,0.01 
5/21/2021,0.01 
5/24/2021,0.02 
5/25/2021,0.02 
5/26/2021,0.02 
5/27/2021,0.02 
5/28/2021,0.01 
5/31/2021,0.00 
6/1/2021,0.02 
6/2/2021,0.02 
6/3/2021,0.02 
6/4/2021,0.02 
6/7/2021,0.02 
6/8/2021,0.02 
6/9/2021,0.03 
6/10/2021,0.03 
6/11/2021,0.03 
6/14/2021,0.03 
6/15/2021,0.03 
6/16/2021,0.04 
6/17/2021,0.04 
6/18/2021,0.05 
6/21/2021,0.05 
6/22/2021,0.04 
6/23/2021,0.05 
6/24/2021,0.05 
6/25/2021,0.06 
6/28/2021,0.05 
6/29/2021,0.04 
6/30/2021,0.05 
7/1/2021,0.05 
7/2/2021,0.05 
7/5/2021,0.00 
7/6/2021,0.05 
7/7/2021,0.05 
7/8/2021,0.06 
7/9/2021,0.06 
7/12/2021,0.05 
7/13/2021,0.05 
7/14/2021,0.06 
7/15/2021,0.05 
7/16/2021,0.05 
7/19/2021,0.05 
7/20/2021,0.05 
7/21/2021,0.05 
7/22/2021,0.05 
7/23/2021,0.05 
7/26/2021,0.05 
7/27/2021,0.05 
7/28/2021,0.05 
7/29/2021,0.06 
7/30/2021,0.06 
8/2/2021,0.05 
8/3/2021,0.05 
8/4/2021,0.05 
8/5/2021,0.05 
8/6/2021,0.06 
8/9/2021,0.06 
8/10/2021,0.05 
8/11/2021,0.05 
8/12/2021,0.06 
8/13/2021,0.06 
8/16/2021,0.06 
8/17/2021,0.07 
8/18/2021,0.07 
8/19/2021,0.06 
8/20/2021,0.05 
8/23/2021,0.05 
8/24/2021,0.05 
8/25/2021,0.06 
8/26/2021,0.05 
8/27/2021,0.05 
8/30/2021,0.05 
8/31/2021,0.04 
9/1/2021,0.05 
9/2/2021,0.05 
9/3/2021,0.05 
9/6/2021,0.00 
9/7/2021,0.05 
9/8/2021,0.05 
9/9/2021,0.04 
9/10/2021,0.05 
9/13/2021,0.06 
9/14/2021,0.04 
9/15/2021,0.04 
9/16/2021,0.04 
9/17/2021,0.04 
9/20/2021,0.04 
9/21/2021,0.03 
9/22/2021,0.03 
9/23/2021,0.03 
9/24/2021,0.03 
9/27/2021,0.04 
9/28/2021,0.04 
9/29/2021,0.04 
9/30/2021,0.04 
10/1/2021,0.04 
10/4/2021,0.04 
10/5/2021,0.04 
10/6/2021,0.04 
10/7/2021,0.05 
10/8/2021,0.05 
10/11/2021,0.00 
10/12/2021,0.06 
10/13/2021,0.05 
10/14/2021,0.05 
10/15/2021,0.05 
10/18/2021,0.06 
10/19/2021,0.05 
10/20/2021,0.05 
10/21/2021,0.06 
10/22/2021,0.06 
10/25/2021,0.06 
10/26/2021,0.06 
10/27/2021,0.06 
10/28/2021,0.06 
10/29/2021,0.05 
11/1/2021,0.05 
11/2/2021,0.05 
11/3/2021,0.05 
11/4/2021,0.04 
11/5/2021,0.05 
11/8/2021,0.06 
11/9/2021,0.04 
11/10/2021,0.05 
11/11/2021,0.00 
11/12/2021,0.05 
11/15/2021,0.05 
11/16/2021,0.05 
11/17/2021,0.05 
11/18/2021,0.05 
11/19/2021,0.05 
11/22/2021,0.05 
11/23/2021,0.06 
11/24/2021,0.06 
11/25/2021,0.00 
11/26/2021,0.06 
11/29/2021,0.06 
11/30/2021,0.05 
12/1/2021,0.06 
12/2/2021,0.05 
12/3/2021,0.06 
12/6/2021,0.06 
12/7/2021,0.06 
12/8/2021,0.07 
12/9/2021,0.06 
12/10/2021,0.06 
12/13/2021,0.05 
12/14/2021,0.05 
12/15/2021,0.06 
12/16/2021,0.05 
12/17/2021,0.05 
12/20/2021,0.07 
12/21/2021,0.07 
12/22/2021,0.08 
12/23/2021,0.08 
12/24/2021,0.00 
12/27/2021,0.06 
12/28/2021,0.06 
12/29/2021,0.05 
12/30/2021,0.05 
12/31/2021,0.06 
